userid,canceled
0014163a53056db3f10e,TRUE
00164e47967b306239e8,TRUE
0016e5b445a29e9cbfcc,FALSE
002e4faffad3be6b0f95,FALSE
003ef43de19023179562,FALSE
00402661d6fb30a9755b,FALSE
0044a682e415caab74b3,FALSE
004536fa45ac76c2642e,FALSE
00539bac05fbc17ca1f7,FALSE
005a8cc5a6d05c6230df,FALSE
005e3acf09fa01644f4a,FALSE
00a1ed31f06ed601a640,TRUE
00bdc9674fc7b48c9c73,FALSE
00c2e5d8d343e5ded2e6,TRUE
00f1509a1091d75f6582,TRUE
012e70bd197a5ff0af5b,FALSE
012e94d0069e5c5a1260,FALSE
0156a46ca6be1bc36c33,TRUE
01750e96d361107c6a7f,TRUE
0175778a4d19747eb98c,FALSE
017febe21893719cdde1,FALSE
0183f91bdd72b4b0d025,FALSE
018809f396f86c8e5df3,TRUE
0188dd0380c9509440de,TRUE
01909f4a6b6245b2b764,FALSE
01a6b8d52c8d96619bbc,FALSE
01e7c0abd3b732a99460,FALSE
01fd51f53b6c094351c0,FALSE
020397c2344d36745bb7,FALSE
020c97e01664cc1b1555,FALSE
0210d0e06270d3af3965,TRUE
0213de5c0c982c5c6eaf,FALSE
0223d7b18821a38c3134,TRUE
029241e125aed7349dab,FALSE
02a78439aec1b3920a79,FALSE
02afca3a690158983c80,FALSE
02c26eff522df715671f,TRUE
02db5348c26cb03d8990,TRUE
02f621d3fc44710c17f2,FALSE
0305f8466e85708aa52c,TRUE
0323f2d866d44c915f24,TRUE
0325c83c9a61817f43e7,FALSE
03341520430f2f3c6f0c,FALSE
033dc8e1bcaf4ced6264,TRUE
03673eedf9cea90344c3,FALSE
038f187269364fc468a3,FALSE
038f8fa87dcf01a1eb07,FALSE
03960726048f9360ba5a,FALSE
039d35c260cc550f0710,TRUE
03c0f8c98177c9d6e630,FALSE
03e3663c655c0ded9f8b,TRUE
03e69edb7e8adff3385e,TRUE
041585b8504ca34f3458,FALSE
04172df9ed842f6875d7,FALSE
0450ffd7356d57d86d4d,TRUE
0452e6cb4b8d14f60a21,TRUE
048175bf7590ebbf046c,FALSE
048e3e65613429c91e86,FALSE
04b97cebb3707be9569e,FALSE
04ba2cf9ce6d3e010c2c,FALSE
04bec26a45b72e62bc14,FALSE
04d2f7d5f0111e31225e,FALSE
04d4f1fd5e17e4cf1397,TRUE
04ed056f48f424972197,FALSE
04f0a95fa24231db21af,FALSE
04f9c91fbda5a6350588,TRUE
0516cbf25aee8dabeac7,TRUE
05472f9e2fd74458f145,FALSE
056460879514c02bc71a,FALSE
056b3cdeaf819abc6cd4,FALSE
05740ab6d26428770635,FALSE
059e52cdd8336b611246,FALSE
05ae7a346403f90e99e9,FALSE
05bb6df0647eb1808355,TRUE
05cd579514ed53bfff6f,TRUE
05d628c73e98c168221c,TRUE
05d76d676edbc542ac70,FALSE
05debeacdd5ae9179556,FALSE
05e6b5264193d27a446c,TRUE
060e5b51b05272a70d62,TRUE
0619ccf07125e8f9ddee,FALSE
061f8f88fd92a75548ed,TRUE
065018c7c90b7b9462dc,TRUE
0651ee0eeab8155418b4,FALSE
066f305415727f2a0f1b,TRUE
067ddeccfb47a6ce02dd,TRUE
06907dab32cb7e120aaf,FALSE
071c6e3b9ecb23d66bcf,TRUE
07337e4084bc34823679,FALSE
07701444ee6e730a5bd8,TRUE
07712b0231df75cde376,FALSE
0773ced27c8dc689c9ca,TRUE
07b00f49de676ee6f0ea,TRUE
0800acb3003bffcd505c,TRUE
080c5be5cfdd4a4d4963,FALSE
081e5f20173f2fd8bf6b,FALSE
083885b6dafc98b936b4,TRUE
08dad023c93a6914f8e8,FALSE
09060fd548c50a390a93,TRUE
091b6b124de60c1bf908,TRUE
093df78d8dc3bad17e17,TRUE
095f00acf67a70db64e8,FALSE
09602a2dbed6e668a673,TRUE
0965605a5de111656afb,FALSE
09766bd03ca315cd95f2,FALSE
0984cc8a5f8c64c09106,FALSE
099e4489971a5635e865,TRUE
09a13b216100928d5601,FALSE
09c2a2f7508e7afbd5a8,TRUE
09c4406f311ee353ce5d,FALSE
09d9108ababe6afee279,FALSE
0a4a87fe90c0f829e6a3,TRUE
0a77e2d698f8e3be9da8,TRUE
0ad1d79d965998a217a8,FALSE
0ad6beb6b80fdaa8c149,FALSE
0af6c12f6452cc8db37f,TRUE
0b12e2aaba8fb6517a6e,FALSE
0b144e87ae83e11b7fb0,FALSE
0b3992d513129978fb53,TRUE
0b3f6d51220f8adef5e1,FALSE
0b5383287c3902ac3b04,FALSE
0b6a47c247d21a3d8ac6,TRUE
0b7655abaec873f772a4,TRUE
0b7af4fc2ff4d9814d9b,TRUE
0b8fc7721df05ec7d2d3,TRUE
0bb6b6c46eb9348775d2,TRUE
0bb9714a8f4cf39923fc,FALSE
0bc418309e3d52481c44,FALSE
0bf365bb3711543306a6,TRUE
0bf94ff205a117159b49,FALSE
0c0bde10975996a4ea14,FALSE
0c2002982c3fb664d20a,FALSE
0c2279df0d417cd93098,FALSE
0c6163e76d264de72ac4,FALSE
0c8354325b2fbae75512,TRUE
0c84d4a175ca9f730be1,TRUE
0ccb6e9a06108679c79b,TRUE
0cde2ad8baa2133a60a7,TRUE
0ce52ed6b6a169fbb39e,FALSE
0d438033afe73674d61c,FALSE
0d5d7dd87bdd511dbecb,TRUE
0d8ce9e07cee0514552b,TRUE
0dcc77adbbe22216f598,FALSE
0dd4a3307e99fe49d65e,FALSE
0e3c784adc9db852c69e,FALSE
0e5bf188a8748148463e,TRUE
0e65b5b2a55eb13d50b9,FALSE
0e6fa67ac24f89783dc3,FALSE
0e9432ed4763d7f9f1d7,TRUE
0e9f5b6f764c7c81545d,TRUE
0eb7f028c66374f059c2,TRUE
0ec487f8856fdc01aed4,TRUE
0ec7e7c0bafc30152bd4,TRUE
0ee41eaffc4059225cde,TRUE
0f5e45f207faca36da45,TRUE
0f62fa70afdbaa9649b4,FALSE
0f8265eb14298c525545,FALSE
0f84a6a63089aa82f911,FALSE
0fca1b023aeca4e55ef6,TRUE
0fd8299ffd0b6efac22c,TRUE
0fea8a47b264dc319fb0,FALSE
101bdbd7,FALSE
10456b1ebb500ffd7743,FALSE
1047207a,FALSE
10515102,FALSE
106a9eeebe0fd38a29d3,FALSE
1079c0b6,FALSE
10a132da90904f6881b5,FALSE
10b9f675194faa5dcb26,TRUE
10e52f593aaf2cbb8cff,TRUE
10f54037,FALSE
11175fb2,TRUE
112cccf377afae73ba78,FALSE
1166d5b9113e5de983d5,TRUE
116c45483cacd55f7f93,FALSE
116ec2ebea0f567369f3,TRUE
11acd84bab1ea5c49d73,TRUE
11b150d2,TRUE
11d0dd250de1c42f2fee,FALSE
11da80776b3204715320,FALSE
11e1f561,FALSE
12143aba,FALSE
123a88bd80da71b9262a,TRUE
125a4cb5b59992ac9274,TRUE
1266ffd3834663ed7cc8,FALSE
12679f6153ac902a683b,TRUE
127352722f8222bc004b,TRUE
1294d1a6,FALSE
12a62c2e,TRUE
12aeaf2b,FALSE
12cdecf2bfea297f2123,TRUE
12e2f553,TRUE
12f5911db39eb807df9d,FALSE
12f6eb8447587dae4139,TRUE
1336b692238b9c5c3492,TRUE
133831622b49d3e89f18,FALSE
134d51dc,FALSE
13aa7f9fd56be302dc14,TRUE
13b9cf98c94e8dc73960,FALSE
13bc3d93cd82c2c22766,TRUE
13f1a3a4,FALSE
13fac5c2bea38b4190c5,FALSE
142227b6f57dff35c084,FALSE
145df748,TRUE
14697d59792a8a669775,FALSE
147509ec,FALSE
14a17dad7756af03a79d,TRUE
14ad989a849633008cf2,FALSE
14e26323,FALSE
14ee868f,FALSE
150e892f,FALSE
15181a4e,FALSE
151ffc03eff61a674128,TRUE
1526da4833690c349f97,TRUE
1526ea9c5595ee38ee35,TRUE
1570a3267a0fb791a846,FALSE
15b31791,TRUE
15ba725d,FALSE
15c68c041bbd36bf8af7,FALSE
15f0b987ff696a799487,TRUE
15fa9424addef6e140be,TRUE
16167fb3b793eb6e9c52,FALSE
162481c3,FALSE
162b161abdeb41a92d6a,TRUE
16301d3d099fdb31a655,FALSE
16394c5970e3b5f70f71,TRUE
16594eb3002c32eaefd9,FALSE
165fd36b344877dfc15b,TRUE
16740a65b85a5714439d,FALSE
16ada5b2d20d3dea3264,FALSE
16bf5d4577888b3f983a,FALSE
16e6422bc379e93617d6,TRUE
1760912df37680981621,FALSE
177a02d27bfe22f80168,TRUE
1780e7a2d5e053702a9f,TRUE
17b8601b7187acbd739c,FALSE
17c18a9e,FALSE
17d5c31ec8d663a51557,FALSE
17ddbf5cae78c28ab293,TRUE
17eb7868b5d08a557e9e,TRUE
17f1a74e,FALSE
1802f310,FALSE
1824b7593c0dd75c2e9f,FALSE
18275c16cdf00a4ba3e3,TRUE
182d0607,FALSE
184ea30262bd1d8a6abf,TRUE
188918d3e8d4c123ad19,FALSE
1889e2d1,FALSE
18957473be321fcde12b,FALSE
18ab5e7e78cf810bfc56,FALSE
18cfe394,FALSE
18d604d86ec38d3e8028,FALSE
18f98b16,FALSE
190f14bba7f8472d9083,FALSE
1925ce4f,FALSE
1944f9eec724b0dbb5e7,FALSE
194a085b,FALSE
195bef5b4c283f82a5ff,FALSE
197546b4af184bf7b8dd,FALSE
197d027700ddaafcf5cc,FALSE
19851003d870dd5ecb43,TRUE
19935ec7,TRUE
19ae9cbb5701ac830fb0,TRUE
19bc457ea803f52ce6eb,TRUE
19cca283,FALSE
19fa0ac368ae462ae555,TRUE
19faf330,TRUE
1a04374d,FALSE
1a048f8a,TRUE
1a05595fdaa01c613d2a,TRUE
1a2cd063c53a68655a93,FALSE
1a2e56a58b4dfad5df2e,TRUE
1a56f61a,FALSE
1a75aea3,FALSE
1a7a9a696411f4ccedf8,FALSE
1a7e772e,TRUE
1a85c603d321dd5b3f49,TRUE
1a96703ba8cdf4c16ff0,FALSE
1a97a1065e4ffa720874,TRUE
1a9f9f6d91725e443429,FALSE
1ab991c3763440338ad5,TRUE
1abcc898,TRUE
1ace1ea1b34bfd997373,TRUE
1adea2d6,TRUE
1b02a719d7c772b67049,FALSE
1b1dcf83994b5f3dd268,TRUE
1b2ff701,TRUE
1b376792564d3fe4056e,TRUE
1b3b00341fe0613656a0,FALSE
1b3d5410842575e3e9d3,TRUE
1b7d9ca55732f124fc87,TRUE
1b83b894bacd6e7a6dff,TRUE
1b83e702e10c6be6bd4f,FALSE
1b9bd24be53f542b0608,TRUE
1b9f5991feffa047e59d,TRUE
1ba75a16,FALSE
1ba92e14223e632b32fd,FALSE
1bb153c9,FALSE
1bb791a75df02ec1cc83,TRUE
1bc482ee,TRUE
1c044284,TRUE
1c06e5a2,FALSE
1c282efa,TRUE
1c2f3498a1c344d0f705,FALSE
1c54fa6f5518d81b1cfb,TRUE
1c5bbede,TRUE
1c9b13c0106db3cae202,TRUE
1cc43198ccd84dc77a1a,TRUE
1cc8cb1214a2fa3d0c58,FALSE
1cce36462571c676ee0f,FALSE
1cf67dc99cfbcd0e7544,FALSE
1d07db306bef5890ee69,TRUE
1d09a9568f269d2a2655,TRUE
1d28c8c2d11ad57b6aa1,FALSE
1d4d896ff59dbdc679be,FALSE
1d503bce,FALSE
1d5db88f1de4cef4b107,TRUE
1d66e657440b41494d98,FALSE
1d8d56840ea23512c8c5,FALSE
1da5c380c732b740f742,TRUE
1db48967,FALSE
1db8c3cd,TRUE
1dee39b924750cf3fe1b,FALSE
1e01e9da438b7caa7f73,FALSE
1e0351d94d122bfb3549,FALSE
1e1004c1,FALSE
1e113d9869b63dc855f5,TRUE
1e2e8a254df5a0343780,FALSE
1e36e31d,FALSE
1e8eb341,FALSE
1e94bea9c79e3df409b5,FALSE
1e9ec533227fec4eaa1f,TRUE
1edca9c3eab0dd5470ea,TRUE
1ee49e83219c57f542fe,FALSE
1f09c3782c06b06a1d89,TRUE
1f2968e62b3b2826befd,FALSE
1f3044acabfcd0269820,FALSE
1f59736b,FALSE
1f69fe66611cd2670bef,FALSE
1f6bfa75a6b843005ecb,TRUE
1f7e49f6ee3dc83e37a5,FALSE
1f96b8ce185314b58e4c,FALSE
1f9d716eff28de24895c,TRUE
1fda780f2f02f529afce,FALSE
1fdfab8192288cd52bc0,FALSE
1fe5bc1a93bfd3a42bfb,TRUE
1fec42cb1e98876cb70f,TRUE
1feda988f474c05f899f,TRUE
1ff0aa9e6cdd8a17a758,FALSE
1ff1b747,TRUE
20063247,FALSE
20241b366b6675b6ac53,FALSE
202ea68d,FALSE
20403973fb64c5dfcc60,TRUE
2046b532,FALSE
204f45309ac1c9768c8b,TRUE
20505b827bf5ec7af045,TRUE
205a762d,TRUE
206f5552,TRUE
2070ba59,TRUE
2084d0e2569766e77238,FALSE
20a54e2d,FALSE
20aabbd9b55f6bf6db28,TRUE
20b4c908a015ac064806,FALSE
20f96d9811f54ec2ce41,TRUE
20fce14f4c6e366eca78,FALSE
2115aa0c7ec08a9df27e,TRUE
21331952cab8dad372f5,TRUE
21409a2bdcc8d657d2f0,FALSE
215ecd6e,FALSE
21671696e8b02f33d37d,FALSE
2170b5db1ac0084c34e4,TRUE
217949a87eddee65dc59,FALSE
21837e349a166889782d,FALSE
218719b65c4c5a0c329d,TRUE
21c83c7f5c44a62880a5,FALSE
220975fc,FALSE
22122c945a734070e6f7,TRUE
22136233,FALSE
221dd2ae6604fe8a4a9f,TRUE
221e068071543f975099,FALSE
222d0427e2f696ef1feb,TRUE
222f11bb9d14824f2f44,TRUE
22485912,FALSE
224a5cb4c5a8c0fc7f28,TRUE
224c0333,FALSE
224f2d627ff35cc3d1ae,TRUE
2262fd9,FALSE
227470a8dfdaab9e9660,FALSE
227c49fcee9c5bdcb8ea,FALSE
229eefa2,TRUE
22a75d07,FALSE
22a88b43,FALSE
22b9d37e2b01ae6e5deb,FALSE
22db5094f4fe7efa4b77,FALSE
22db63b7,FALSE
22ee578aa4828928472f,FALSE
2300c28b,FALSE
23014a4e5095bc548a65,FALSE
230d690059ba38d32931,TRUE
230e336b6b5828dc23d2,TRUE
23213e801c9eea6904d0,FALSE
232d2363dcfcbcf977b6,TRUE
2333dc57925d3e3a8d73,FALSE
236d6aac,FALSE
238d8bb7,FALSE
23ae5c85,TRUE
23b41e176137296c1514,FALSE
23c364320c0b43b66d36,TRUE
23c483aadcb8cfd7d8e1,TRUE
2417cb14,FALSE
2418cd1,FALSE
2444537f0f205d74e10d,TRUE
245320446b63c86c2ce4,TRUE
246e6171,FALSE
247a5be0b84e702c7f39,FALSE
2483ac99,TRUE
2498b1906645bc8bc4bf,TRUE
24b66e82,FALSE
24bb8508,FALSE
24e4f97e,TRUE
2504751752b9220ff9a9,FALSE
2508ed1647045c9ce223,TRUE
250af0ef,TRUE
25146f4f,TRUE
2518660443f6e1efa7bb,TRUE
251bb8b3d04b445cd37a,FALSE
253d7e6f508a696ed2de,FALSE
25511b3f,TRUE
2554970f,FALSE
25621f8b20552bb6cec6,FALSE
2567142be971b800c607,FALSE
257391dd4022570b5d78,FALSE
2573b3aaede6da49d50f,FALSE
25de12eb526931c4d4b5,FALSE
25e1a0f8,FALSE
25e8d7681fe99c0e0334,TRUE
25f1df3aec9035d1a76f,FALSE
25f27e01,TRUE
260097f6,FALSE
2605b6d44dd96b2021b3,FALSE
2610377b9dbf54013326,TRUE
26227b5d,TRUE
26641d5a,TRUE
2664c9fd5550d8d1de03,FALSE
266f1c7c,TRUE
267c46930ba7a9165c61,TRUE
26ab70d1,TRUE
26cca5a6,FALSE
26cd7a75,FALSE
26f50ce7,TRUE
2709640ca1be0a972830,TRUE
27323d5392c37ee54b1e,TRUE
2753fbd,TRUE
27571166,TRUE
27585c22af276f7b0938,FALSE
275b3d8b,TRUE
276b42827eb7cae07909,FALSE
27720e8ba6d6c5989ea9,FALSE
2774a860,TRUE
278d7b3585be9b32f615,FALSE
279ecf05c8f743b29145,FALSE
27e07d53,FALSE
27fa63f0,FALSE
27fc7d29,TRUE
280d3c29,FALSE
281106c18083f1a8ffee,TRUE
282bddeb,FALSE
28366d99,TRUE
2837bc70,TRUE
2843a0ac,FALSE
28592e8d31597bc45148,FALSE
288e66130ec880f3ba1f,TRUE
28bc0ea4484259861d32,TRUE
28c8d3f,FALSE
28ca7397196a7cb4ad0e,FALSE
2903ac212d3ad4857000,FALSE
290be3d6,TRUE
2919eca,FALSE
291cd149228aba369dde,TRUE
29372672bfd11872eca7,FALSE
298f4e6f4cfa4b702745,FALSE
29a8bc3e,FALSE
29b524110fd0dac342bf,FALSE
29b5fffd3c78ea42b660,TRUE
29c4b500,FALSE
29e54ae0bcb28cfc7e47,FALSE
29faaa6bc95747312d0f,FALSE
29fcc30df33d27485046,TRUE
2a61e0820ccd19d11056,TRUE
2a8d6d059a445b8ac09a,FALSE
2a90004c,FALSE
2aa47dd30a461837d5a3,FALSE
2aa6881df318e661353c,TRUE
2ac16744,FALSE
2b271ee458a2445947dc,FALSE
2b4f9acd170169de3b6d,FALSE
2b50d35283cd65ad3218,FALSE
2b6ae199,FALSE
2b718bb1,TRUE
2b77f2058d78d99481f6,FALSE
2b86f707,FALSE
2b87853f5e386bd0367d,FALSE
2b98aaab703a362affb1,TRUE
2b9b61ee,TRUE
2b9d59227d84817b3c5c,TRUE
2ba5f56290a262fd27d9,TRUE
2ba82a7e34ca6661fbda,FALSE
2bc254efa1f8a823d0d1,TRUE
2bccce207c1b3cfd5eda,FALSE
2bd893e3a4db2739cfe2,FALSE
2bdc11c743a1d6cdb1d4,TRUE
2c3c6ea4,FALSE
2c690a39bab4b8107be4,FALSE
2c8b3f14130ff25417a7,TRUE
2c90c6b69ce63a37ba9b,TRUE
2c9e2a0aa39ed2aab85f,FALSE
2cbd7e2301fe1fc61962,FALSE
2ce3fa4f,FALSE
2ce80acee26a0b2f5e91,FALSE
2cedb1aed52dd5d14039,TRUE
2d05b572603cce5dc002,TRUE
2d0e5f66414aa1563fbe,TRUE
2d271cf0b7bd53fff7ba,FALSE
2d34cbb2,FALSE
2d35117a,FALSE
2d38fbf6d925843bb123,FALSE
2d56a95c2919b732c741,FALSE
2d679849,TRUE
2d9f67772bec93852c25,TRUE
2d9fb64ada80e39e966e,FALSE
2da6c7cebb1ddcccd724,FALSE
2dc3a42645345e7ddc64,TRUE
2dc5ea6df2f1d723aa76,TRUE
2dd5da9d6266c6f48457,FALSE
2ddb8c4aef5a61473537,FALSE
2e145df8,TRUE
2e19dc15afe6c87fa901,FALSE
2e20407b11ea8274533e,TRUE
2e2829fc,FALSE
2e38f0a289ef2f53fdf5,TRUE
2e674f7a,FALSE
2ea69e8811068b7b4417,FALSE
2ef28622904b31b1defe,FALSE
2f1822ed3b72b2ff4bc0,FALSE
2f27987a,FALSE
2f2bee683f7fc3a53a58,FALSE
2f3e8fddac6bec534382,TRUE
2f5dcab0a70e290418fd,TRUE
2f65bddd,FALSE
2f8a7ec40b7e7962ce10,FALSE
2fc205fb262554ad56ea,TRUE
2fc4687a,FALSE
2fc5db0124d1d46faa61,FALSE
2ff7f254997ee0698875,FALSE
2ffc1447,FALSE
3018cfc38d7995677b8a,TRUE
301906ea58916eac7bd3,TRUE
301c270385af637f491d,TRUE
301ff2e3,FALSE
303d8b912631c2760295,TRUE
3054771,FALSE
306bcf4d70243ba8a92c,FALSE
30905cbb97e7cb81a86f,FALSE
309b0b56dcf461b97956,FALSE
309cf5d821b666469ded,TRUE
309de12192a4e1cf211b,TRUE
309f27c43ec14ffa6b7b,TRUE
30a05afd4bc89e5b33da,TRUE
30d8cc155a46a354835c,TRUE
30de25f4,TRUE
30e5d247,TRUE
30f5ecb16143c64e8271,FALSE
30fc7c9aa271fa380a96,TRUE
310db1f08555c630e81d,TRUE
311afb7,TRUE
313179b2bddf76105a2d,FALSE
31592a044e982ba44826,TRUE
315e6accdd32392f4dbf,TRUE
316620b0,FALSE
3186cffa,FALSE
31eb2494,FALSE
31ff0f65f930a3127da0,FALSE
321d4f557693f6cf7bda,TRUE
32217e0dac604e6b028b,TRUE
323b2b36,FALSE
324381ae4c7d0505efdd,FALSE
32483f7db26d4120efc6,FALSE
3269cf7542b3da5b8ffe,FALSE
3285340b,TRUE
3294df58,FALSE
3295b1d3206ebaac870d,FALSE
32b5dafc2bcf9f451927,TRUE
32caaa37,FALSE
32df91f1,TRUE
32eb1173,FALSE
33070975a4384eaf0961,TRUE
33124bd68a9ef4b542ac,TRUE
332106f379193ec3943b,FALSE
333a32ba8ca83e92af0b,FALSE
33420a08ddbad9ece3c0,TRUE
33510f2a,FALSE
33594bfc7df07f4f7117,FALSE
335a5030f04ef3d3ab3c,FALSE
335cc8c7,TRUE
33627a84f04d9c1b250e,TRUE
336be10e,FALSE
3379db5811b2105447e2,TRUE
3381bd08a8ea4f1721a7,TRUE
33a287df,FALSE
33a32586645cb0e0ed0e,TRUE
33a9bf45681a3c17a102,TRUE
33b01dfb43abec173827,FALSE
33b714288b2e7808d277,FALSE
33bdd2d067edda7ab307,FALSE
33d70dc42c8746ce901a,FALSE
33e4e74c,FALSE
33ec7eb6b1d0f408d486,TRUE
33ef87ed,FALSE
33f74bcf4f69ea7d9a38,FALSE
3405d15f,TRUE
3418c2fb,FALSE
341f27e1,TRUE
344831a6c74fe4d472a8,TRUE
345280c8,TRUE
34573e189f7d46edf0b9,FALSE
345b3834,FALSE
34886bc5,TRUE
348f1a8cf16ab0204616,FALSE
34acd7f8,TRUE
34b1738d9a0152c62a6e,FALSE
34ba27002294db1c0d96,FALSE
34ba4bf84f271230ffd4,FALSE
34bdfc25,FALSE
34cab3f528e8fb1caf87,FALSE
34f7ccf192f621f8c7f3,FALSE
3515eeaf8737855e5130,TRUE
354b39f1ff34424709e3,TRUE
357e286f,TRUE
35818a00,FALSE
358ededcf917f030c576,FALSE
35a4754cd22e3847a56e,FALSE
36344c1750c46183448b,TRUE
363a0a7e30655b311e5b,FALSE
3666e57b5452403cd469,FALSE
36891c8,FALSE
36cbc6ac8ef69ad85b08,FALSE
36d0054c,TRUE
371432d5ce659872f05c,FALSE
373358b3c48d4b728ce0,FALSE
3737909d,TRUE
3783e270,FALSE
37937945d9cd599dd0cc,FALSE
37a36d8d,FALSE
37b18d46,FALSE
37b31174b56270e4d560,TRUE
37b32e02,FALSE
37d08df802af16196642,TRUE
37f3cdaa,FALSE
380156661c9af42909ac,FALSE
3804f369401de61cf68e,FALSE
3866fe473d971b03f941,TRUE
3872acb5,FALSE
387922319f7fbf8e25c3,FALSE
3884a4dd,FALSE
38860be4f4b6104f7ec9,TRUE
3890a0ad0cbc6bfb50c5,FALSE
38913b21,FALSE
38b3466391812b68de70,TRUE
38bd54499c0b96e11921,TRUE
38bdb06b,FALSE
38d651da69c8bb9f8238,FALSE
38f8d0707422155d0924,TRUE
391d97b7,FALSE
392359bd1b7a8164ea42,FALSE
392550f4,FALSE
392c22f,TRUE
3931cba0,TRUE
39419cda,FALSE
39430e29a59472813a8a,FALSE
3946052b2497cbfc03d4,TRUE
397fa5d69f40a48816ad,TRUE
398c4f8a,FALSE
39c761f1296b630028f7,TRUE
39cb0da8131d5f036f6a,TRUE
39d2e847514bc6a8bb93,FALSE
39d6e32cec86aa83dc99,TRUE
39db6d5f,FALSE
39dc3484,TRUE
3a11aef7,TRUE
3a2b724bb95fc97cfbc6,TRUE
3a5550604a215399aeac,FALSE
3a5c9178385716621b86,TRUE
3a78504511fa0e8c851d,FALSE
3a7e56746b758fa619c6,FALSE
3a85aa80a6aa9a07f08c,TRUE
3a89a3f,FALSE
3a97d8be463d5ff25950,TRUE
3ac7d3c7,FALSE
3ad37a58aeda0033b376,TRUE
3af0c4d5,FALSE
3b17ca6e595e4a918357,FALSE
3b18da5b0c7f7626f6b7,FALSE
3b204ec8,FALSE
3b326224a14000a0f071,FALSE
3b47bc04d9bb06788e6e,TRUE
3b5ea09b9523f0819091,FALSE
3b7525e3dc11118ecb48,TRUE
3b805a5,FALSE
3bcd8e45,FALSE
3be3669b,FALSE
3bfa4568afe6c4deb844,TRUE
3c12c71e42958dd65357,FALSE
3c3e5d09f09d6f8415a3,FALSE
3c45fbbf9fb3f9998d3b,TRUE
3c4828c2cd4e18d57bd0,TRUE
3c575e9c380b1aa8585e,TRUE
3c699eb10b0bdb11ad26,TRUE
3c6bcd710bedf96b8f6f,TRUE
3c813ef79ef161e81974,FALSE
3c94d711,FALSE
3c96a5f0,FALSE
3cba8e4038d1d0c7763d,TRUE
3cc3a19c,FALSE
3ccdbabd,TRUE
3cdabfdf1112fea89cb8,FALSE
3cebf7af,FALSE
3d0112b5,FALSE
3d2be353ac53c9e6dc28,TRUE
3d33f3f5,FALSE
3d55e5108f73b25695f1,FALSE
3d69839cfccf37d8d701,TRUE
3d771f90af36975b18cb,FALSE
3d8d60ba,FALSE
3d8f8972,TRUE
3e00da4fbdd772022f5b,TRUE
3e1295b1,FALSE
3e14e1b1f99c9ff297ca,TRUE
3e273f9c,TRUE
3e2c0826702e6ae36f07,TRUE
3e2f4d12364742bcaeb0,FALSE
3e643da2,FALSE
3e69c939,TRUE
3e90d7ee95b642e1b9b2,TRUE
3ee3c39c6368753914e6,FALSE
3ee42a04,FALSE
3ef35b55,FALSE
3f2ef009,FALSE
3f345e26,TRUE
3f3d644bdcdffa71e7b9,TRUE
3f46920f,FALSE
3f4cb5eb,FALSE
3f7d4225cea9bdf2837b,TRUE
3f8471ae,FALSE
3f8c5593f53fc0bbf329,FALSE
3f8fc516731a67228b88,FALSE
3fc17cb,TRUE
3fc45e50,FALSE
40272d75,FALSE
402c1fe2fe05f851c307,FALSE
4046e411,TRUE
4047cafa93563366a895,FALSE
4065e3fa,FALSE
406d6e9d806e487649bb,TRUE
4074eeccea0ceb9d3369,FALSE
409ad2cf7953b7dfda87,FALSE
40b05b2d,TRUE
40b4edabe8755fe5ccd2,FALSE
40b79bbc,FALSE
40c4d361654c8e030e2f,FALSE
40e8fff7,FALSE
40eea8cf0bab9a323275,FALSE
40efa879,FALSE
4101d0f,FALSE
411e87587b80fb86b333,FALSE
4136e7aeefe54aae1c81,FALSE
41517378,TRUE
4165fd2a1043f5d307c2,FALSE
418f381c821f0a95dcbe,TRUE
4190ba26,FALSE
41927e3685cfc478cd0f,FALSE
41b68fcd039587d2f087,TRUE
41d10a86,FALSE
425d0bcadff11b5c0b05,FALSE
4281d0afbf883c59a677,FALSE
42848f47a70a8499d9e6,TRUE
42a6e7c71df9a727801a,FALSE
42b46e0044ebf207c88c,FALSE
42ca8b2c7df1583de6b0,FALSE
42dd36a3,TRUE
42e969fd,FALSE
42f36e9e,FALSE
42f78696,FALSE
42f7cd414e82044b25be,FALSE
43044cc0817db851b7f2,FALSE
430788f0266c9b31bc76,FALSE
432643506f46d401e0cc,FALSE
43429de9,FALSE
435fbe63f7a4a3e5aab1,FALSE
43649b4b,TRUE
4365d8b03a32b85e1cd9,FALSE
43a2957d0758f18def9b,FALSE
43a56122,FALSE
43e3cd54,FALSE
43e62e3fff92741d8686,TRUE
44293cd2,TRUE
4450a963,TRUE
44693dc1,TRUE
447368b7,FALSE
448ee9a5,FALSE
4491b7da86a5085eb12a,FALSE
449b1e22474c133187b6,FALSE
44afa7baf9115d9d29ff,FALSE
44cc4e03df988e962a95,TRUE
44d22c57c714e2b16fae,FALSE
4551ba7480356fa98ef4,TRUE
455e39f6,FALSE
455ed650,FALSE
4576d9228edfc3121fd0,FALSE
45802dd02c9dcb6e3d1b,TRUE
458132739ea86a60f3c9,FALSE
45a208d7,TRUE
45a6bebb,TRUE
45ea020650aeb8dba3c9,FALSE
45efc0a61bd3b8af371c,TRUE
45f3cdc9e64744ad4d77,TRUE
45f5852b646eabe3a93b,FALSE
45f78249ce23d0700882,FALSE
45f83afc19b076fe4b70,FALSE
46019d66d48fdb91b043,FALSE
462536286f2c172a5924,FALSE
463083bc,FALSE
46746d540eac194f2406,TRUE
467edf26c616954b7a35,FALSE
469f2b601a47359d39bc,TRUE
46ab3e7395d6f8a2284f,FALSE
46ca7e42,FALSE
46ce33ac1e3714e50018,FALSE
46d1b65a,FALSE
46d2a17811aa9612ad2d,FALSE
46db5aca,TRUE
47077342,TRUE
4715d175a8916abe502d,TRUE
4716c5768ec236397293,FALSE
4719743c4f2ae868d5cc,TRUE
47290069f45179714729,TRUE
47311668c7144fa0a0ba,FALSE
4740ecd1,FALSE
474df37d,TRUE
474f3db3,TRUE
4750bb50bf901fbc2109,TRUE
4753dffc,FALSE
475dcbff99fd7586132f,TRUE
476b10b,TRUE
477029ec7ed13d109d64,TRUE
478ce6cad91c27bfb5f2,FALSE
479b70eb7b296a0b0cba,FALSE
47c8820e,TRUE
47e4c36b,TRUE
47fe0de7,FALSE
48587541,FALSE
4866ae6551f813ce38cd,TRUE
487974c1,TRUE
488dd000,FALSE
489906806c4e39114ce2,TRUE
48a2ffcc502e8c86a2bb,FALSE
48b3016f0d90705716a8,TRUE
48b85140,FALSE
48d5cb70563a0993c6f2,TRUE
48da086f5b484dcce07b,TRUE
48ee4d106938bc909817,FALSE
49127f4394fd4904f23f,FALSE
496d44e027bc81270684,TRUE
497aad1c47f5bc373095,TRUE
49916fc1,FALSE
4999aa0,FALSE
49a4fde749149d634def,TRUE
49a729d4,TRUE
49afc5ab06defbc1871e,FALSE
49d9cdb97e98e3aab636,TRUE
49e64b809d001963883a,FALSE
49f605cee8e6e9579756,TRUE
49feeee3ec7e13705593,FALSE
4a11a4a11d52ee461ae0,TRUE
4a2362b4a4e97796daee,TRUE
4a2acc92b6fcdbe39404,FALSE
4a4bbd19be44872c372c,TRUE
4a50691ff887bcfdbe23,TRUE
4a5ed3d1,TRUE
4a6c5009a08665793291,TRUE
4a7859c2,FALSE
4a8eff0c1035735ef86c,FALSE
4a96da8b,FALSE
4a9fd69b,FALSE
4aa10e37d4b6beaf1160,FALSE
4ab3b783,TRUE
4acd1921f91e1afdffee,FALSE
4acf9057,TRUE
4adfaf37,FALSE
4ae3c8d9,TRUE
4aec49cc,FALSE
4b48403,FALSE
4b53c5ab8d78fbe034c7,FALSE
4b6b4d70,FALSE
4b7a5700,FALSE
4b7c0ff9,FALSE
4b80461430803781806f,FALSE
4b85886b,FALSE
4b9f02395581acabdc03,FALSE
4ba18566,FALSE
4bd3168b,FALSE
4bf3a65ec723cb48dd64,FALSE
4c0bbf6beeda9f6076ea,TRUE
4c18320f88be344c0194,TRUE
4c1e9781811c492ad8f4,TRUE
4c79d9fb,TRUE
4c801f16aa607e9c685c,TRUE
4c89094f,FALSE
4c897a61,TRUE
4c9d404602afa9e709c6,TRUE
4c9df927bacf8cbc73ef,FALSE
4cba1e52c8536459e2cd,FALSE
4cbfb7c6,TRUE
4cdeef8e733d447a876b,FALSE
4ce9fb4f733ce9a83d8a,TRUE
4cea6d4e,TRUE
4cfd150a08030f92c9ab,FALSE
4d21235f638d4aaed3fe,FALSE
4d24c99ba7375ac61062,FALSE
4d30a62f8daef40cec2b,TRUE
4d4d395fb4c8571c9d1c,FALSE
4d5d054a,FALSE
4d70a123,FALSE
4d8d2c77d6bff4f1a904,TRUE
4d8ff8fd478791aa5373,TRUE
4dc33b9a,FALSE
4ddcdb30,FALSE
4de54ef6ea8c8b309c72,FALSE
4e03384ca76c5703ea87,TRUE
4e070c12032553be1f27,FALSE
4e19db22,FALSE
4e2870df,FALSE
4e634f6d,FALSE
4e6b337,FALSE
4e746bc53232114be612,FALSE
4e83f416,FALSE
4e881b20,FALSE
4eb854c2,FALSE
4ee86e71872fe1f644a0,TRUE
4f0ba0f9,FALSE
4f0c581f8a8367709138,FALSE
4f29f688,FALSE
4f2e61ae,FALSE
4f77ff91fde6544ebd98,FALSE
4f8395ca,FALSE
4f83a9f42b5365a68f9c,FALSE
4f88dd0c,FALSE
4f9dc0a83bc8c86d8218,FALSE
4fa2beff,FALSE
4fa784d5cafc5a24f335,FALSE
4face0b94db75a32635b,FALSE
4fb3c6dc,FALSE
4fbb63ccdd855bdaa910,FALSE
4fc4512335d9b7594c5a,TRUE
4fcbaf0e29a72022e2a4,FALSE
4fd209fe,FALSE
4fe9f52e,TRUE
4ff13b7b4f6b8578053b,FALSE
4ff67fd9337ac1a7e48d,TRUE
5000fdfdbcbdd31688d3,TRUE
5025e6e96e284903a8a6,TRUE
503e50cc,FALSE
505c4fedcda8bcefef55,TRUE
5067c097a34d360611ea,FALSE
507768ca,FALSE
507ed9a5e823f9853dc2,TRUE
5081bc1d,TRUE
508e881c,FALSE
509437acde210999f878,FALSE
50990ceccc5dd313db37,FALSE
509b679d,FALSE
50aed29c297bdac58adb,TRUE
50b1aff4d023a2566bef,TRUE
50d701e7213b9fc89b19,FALSE
50dfb5f6,FALSE
50e576b7e9e99ed71985,FALSE
50f7a95,FALSE
510129900e9b6102694b,FALSE
511d5d26b18f20d72707,TRUE
51216adf312ad6e1e282,FALSE
5122e89f2d10875f8112,TRUE
5158c18f286c06fca521,FALSE
515e77ca,FALSE
5179abbe,FALSE
51841b33,FALSE
5187fe41419b6b5db0c2,FALSE
51930a0a620b29089fb1,FALSE
51a51905feeadc815d0c,FALSE
51a6e610b00856bb421e,FALSE
51afd7e6d630bd03962d,TRUE
51bc0e020296105af0ca,FALSE
51bdcbd8,FALSE
51c8cab8,FALSE
5243de083a49dfce56fd,TRUE
5248f3f04e194a603203,FALSE
52599eb210207ba90e80,FALSE
525f1aec0437570b9af9,TRUE
5266ef782d15c52fffcb,FALSE
527fb017,FALSE
529ef6f03bad91504ea5,FALSE
52ad40efd5c433e294df,FALSE
52b28791,TRUE
52b3b7554dfee78c6f73,TRUE
52e83766d82a965c5d0e,FALSE
52ec5995,TRUE
52ee0619d8e3cc768b02,FALSE
53077490,FALSE
5314c98966509213d4ad,FALSE
531d68d5,TRUE
531f6d43875f4243c4f5,TRUE
53251cfd5c44befe1c37,TRUE
532754b5c45ffcbdbda2,FALSE
538e22a3c7d0178ebcbf,FALSE
53aafaa0f2b6cf0566e1,FALSE
53c25217,TRUE
53db216f,TRUE
5423f72b51a853f17a7a,FALSE
542c7c9058f06d07219d,FALSE
5488daaf687a4b116003,TRUE
5493a329,TRUE
549cba6,FALSE
54a98a130fdee898130f,FALSE
54b36c44,FALSE
54c070b2,FALSE
54cf92a0,TRUE
5500fc2a,TRUE
5507775da9ce7af44eb2,FALSE
551e5e84,FALSE
55576c52a72cfb2f8685,FALSE
555c56d8e340271469b6,FALSE
557d39a480d8ffe5cfe2,TRUE
557f2da,FALSE
558f4604,FALSE
55c142a2,FALSE
55ca4cf0ac56128f5db4,TRUE
55cf9fe6f7a395c2d96a,FALSE
560aa3b3b012c200070a,FALSE
560b703e349f9b6f4d01,FALSE
561a40ac5ffeab47d636,FALSE
5639e4ea,FALSE
5640c52a,TRUE
5645f0316b5e3832c48a,TRUE
565d583cf902e1687086,TRUE
565d8eca,TRUE
56612df1755720288879,FALSE
566501dcef7af3e406a2,TRUE
5676fd2f0a9d47bcb21b,FALSE
567c4f08,FALSE
567df4871f3f7f34e212,FALSE
568a2bff6e695dafe1cc,TRUE
56c81749,TRUE
56e18a92d55476b9f1c5,TRUE
56e9e255,FALSE
56ee8505f15a55b23388,FALSE
56fe7759dc5cbc95a081,FALSE
5735025446cf748f1cdf,FALSE
57449c8c13a18d53a419,FALSE
575cb52363bfdc35df59,FALSE
5762c6119ef53af8ab84,FALSE
57745e27726b7e3ec8a2,FALSE
5783e8bb72341abcf600,FALSE
5793ec4f75d87853d666,FALSE
5799e9f10b1cdf9e7b84,FALSE
57aa558c265c0a09754c,TRUE
57ac9cf4b98139e01833,FALSE
57b620e62890942791eb,TRUE
57c463254d615b64d1b2,FALSE
57da556bd38f1b581883,FALSE
57db20d5,FALSE
57ded85a,FALSE
57e0b7e4,TRUE
58108754,TRUE
5810fd9b,FALSE
583641724dba51b63dbb,FALSE
583fd8cf1cb9361b9bd5,TRUE
5859f264,TRUE
585f76281d40208ea5f2,FALSE
586d189e,TRUE
5875d2938f22ff451526,TRUE
587d29af,FALSE
58866795cb791df1ee0b,FALSE
58a91b59ea2e26e2f9c3,FALSE
58d4fc76ee98992fce26,FALSE
58e6f3f1,TRUE
58eb478f11ec2752f501,FALSE
58f374c94acbccf4c9b4,FALSE
59014fb963a52ca89364,FALSE
59083f56e37a103e1fc9,FALSE
59556ae5be10b08bb1d5,TRUE
59638fc76449d96adf59,TRUE
596e9c6530904a8b8bc4,TRUE
597642c,TRUE
597811f4a5db3fa73c26,FALSE
59944a1f57ae85c117e2,FALSE
59b32976,FALSE
59cb60c545a1109de252,FALSE
59f19e27,FALSE
59f78641b3741032b31d,FALSE
5a01846c92dbf51ba86a,TRUE
5a06f024ff58d35d03f3,FALSE
5a0afc0c,FALSE
5a0f7903,FALSE
5a2a4cdc767e2195cbc5,TRUE
5a5ad910,FALSE
5a67bc4,FALSE
5a6b2510bf70f1cdfed3,TRUE
5a6f14cab42ab0da9178,FALSE
5a85fecd,FALSE
5a8e0abd2864a218960b,FALSE
5aa20be8,TRUE
5aa44fd8,FALSE
5aaf412afb90ed9171e6,FALSE
5abc485f,FALSE
5ac23ff1,FALSE
5ac345c5f5dc59270f57,FALSE
5aca34229f44e95fd5aa,TRUE
5ae17aae6b53333804f7,TRUE
5aed2745d4e6ebd4d3f8,FALSE
5aff87d4c8da666a7c8e,TRUE
5b10fbe2,FALSE
5b44c2ad,TRUE
5b62a49a8b4aaf8ed23c,FALSE
5b678083,FALSE
5b6dec7102fbf40e1cdc,FALSE
5b9c6f,FALSE
5ba56817,FALSE
5bc25bf7a0d07d3a864f,TRUE
5be31aee,TRUE
5bf5bd1b,FALSE
5c051aa1412673e30663,TRUE
5c07705623198b46c546,FALSE
5c0eb471,FALSE
5c2cdca23279b5a985b3,FALSE
5c2fbffbe5edff0c9542,TRUE
5c344ce9,TRUE
5c420d10,FALSE
5c4dd7e3f95f261335af,TRUE
5c51db58,TRUE
5c65b2796d548a09ba1b,TRUE
5c6d5027,TRUE
5c7198762c40f1ddada2,TRUE
5c7198f80f4c0312cdf4,TRUE
5c73eba79727629137b3,FALSE
5c7f284966bdb382820f,TRUE
5c8034da,FALSE
5c8d933,FALSE
5c9b22ca,FALSE
5c9dda0d,FALSE
5ca918776492b4bf5a70,TRUE
5cacb2fe573836ec5706,TRUE
5caef019c45da7022191,FALSE
5cb156ede3f2e8d6d49b,FALSE
5cd652a81924a56cd73a,FALSE
5cf77377f6fb8aa6ecda,FALSE
5cf8ecc4,FALSE
5d00fd2,TRUE
5d1834f,TRUE
5d48e1d370d3edb247ef,TRUE
5d4d8ecfe7a9209100dd,FALSE
5d54efea7ba0527d3f27,FALSE
5d5d44bf,FALSE
5d63b561,TRUE
5d70b609a9c6bb91b1d8,TRUE
5d78fb2e,FALSE
5d9947ddea86cde490e7,TRUE
5da1cc0b49ab93d650e1,FALSE
5db51d54ef5f0615f655,FALSE
5dc2333bb6f41ad605f9,TRUE
5dcaa761,FALSE
5dd03890315c974e0394,FALSE
5dd8ab3e8eec89e05d2f,FALSE
5ddeddb57fabddb28e9a,TRUE
5de21d9d,FALSE
5de24883,FALSE
5e09c93a6eebaa5fbcd3,TRUE
5e0de3a2f59ad9ef6714,FALSE
5e11f80f37cac97bb563,TRUE
5e12eccc0dae0c3ced1b,TRUE
5e182c7e,FALSE
5e21254748b55270fd18,FALSE
5e22af7ee567251c660b,TRUE
5e3cbdda,TRUE
5e744bf3,TRUE
5e8cc8ffc79d7b52932c,FALSE
5e924a2f69c5891aa873,TRUE
5ec50be6d3d89532cde3,FALSE
5eda48c6,TRUE
5ee2531d50cec4cb6f79,FALSE
5ef41f56,TRUE
5ef7521bc56cb9148718,TRUE
5f021b7bfef3614bc5a1,TRUE
5f161b9ae49ed122d6b9,TRUE
5f282141,FALSE
5f5701b0fb9c20e629f7,FALSE
5f72dbe69e08d641f38d,FALSE
5f99866293c906c54039,FALSE
5fa418ed9acb3888c07b,FALSE
5fc45552afd6f9e727e7,FALSE
5ff8912ef0b270a04f94,FALSE
603e607aeae87a148b54,FALSE
6049750081b6da593a6b,TRUE
60564fa250e249a59789,TRUE
6061c5fabdbf8be6b96e,TRUE
60640563dd7141e7077f,FALSE
60baaacc,FALSE
60d02d73,FALSE
60d8178,FALSE
60f903cc79448ebf7567,FALSE
610b73cfb8801b0b717a,TRUE
61121e41c7806b0d1ba3,FALSE
614cecdb6831b1c369ac,TRUE
615eb532e5c43ee317e0,FALSE
616f476a,FALSE
618a23702265e5d90360,FALSE
61ae623f,FALSE
61b44737,TRUE
61b900711e7771e3386d,TRUE
61ecdedd0d2697519c85,TRUE
62037f43f10de28bbe1b,FALSE
6205786faa9d6078c48b,FALSE
6206f83e,FALSE
620eb9f06bc3639451e4,FALSE
62177b76cb95569a56fb,FALSE
6218d90,FALSE
6253e7d2ae6cb0857d58,FALSE
6257ecc7,FALSE
628397e98246740813eb,FALSE
6289fb09a5f95a42a2d2,FALSE
62900fdbcc4b6426c498,TRUE
62a4a00a55e04b839782,FALSE
62b2c59d7508d911bc95,FALSE
62c9207fe7b057fea298,FALSE
62d3b6f2,FALSE
62dbcb12,FALSE
62f9c9a88989ac52c46a,FALSE
630844a050dd0512105a,TRUE
63096f9f17ee47eecff5,TRUE
631a737664b88c5f86ac,TRUE
6323e6bd,FALSE
632ec207ec3e9eb42f82,FALSE
6355ba5b37a703ec198c,TRUE
6358f8697e3e31697cae,FALSE
63629bb3,TRUE
63657873bad239e6d82c,FALSE
636cb959b7ec309714a3,FALSE
63897c73,TRUE
63929151,FALSE
63a984b4,FALSE
63e6cb0a,FALSE
6406831b,FALSE
6409d058b12ba36aab17,TRUE
6427126467297d56b55a,TRUE
642f198ca4bd060eef31,TRUE
643a2b21cec39044d338,FALSE
643ef6f70fbc5fcae363,FALSE
643f63e2,FALSE
64494ecb5bf2cc489736,TRUE
644da75a,FALSE
646cff39,FALSE
647198d2,TRUE
647b5285dc82bde4c189,FALSE
64924ca6b87071da6407,TRUE
649a56b5,FALSE
64a4d10855f04140ec54,TRUE
64a7ae8638dc4a6804c1,TRUE
64b454ca22845ffe6804,FALSE
64b8fdf08fdcdb03bad9,TRUE
64ccdb92,FALSE
64cf3069,FALSE
64e576f286934f613cfc,TRUE
64e7ac1c6b8c50b1d81b,TRUE
650262c1,TRUE
651b9917,FALSE
6524876,FALSE
65275cb52e3e1ac2b098,FALSE
652c0f59b7e2fce688ae,TRUE
652c667b3a3884cf7a82,FALSE
65437b99,TRUE
654ce318563352a83606,FALSE
655e800b,TRUE
656062b22df002d1ced0,FALSE
657d77bd887b8d610307,FALSE
657f8aaf,TRUE
6590e22a,FALSE
65a94e62,FALSE
65f40414035250bb295f,FALSE
661de9,FALSE
66218212,TRUE
663193e1,TRUE
663901b2,FALSE
6648e5f3,TRUE
665689b51783349ee9ff,TRUE
665fe802401dcd21e7a7,TRUE
66690490d8b885ca3422,FALSE
666f0738a9cfb82e2bcc,FALSE
667210fb,TRUE
667779c6,TRUE
668044c9,FALSE
66852f536c688a613994,TRUE
66a1b6a1ecb00aad96a4,TRUE
66a3a75fbdd656b8d1cf,TRUE
66a8ff81f316ba499a85,TRUE
66b56ceaa558847b1453,TRUE
66d3b8e01ec546ed24b1,TRUE
66e7ed575e5460d22a33,FALSE
6707cc28,FALSE
67149ae8,TRUE
674e12240f5cf516bc1a,FALSE
67927ca945d1635ec8b9,FALSE
679a2c3feb1f4277e175,FALSE
67b004d1,FALSE
67e05d092aec1c1f17ce,FALSE
67f58b08,FALSE
67fa19c,TRUE
6827bf90c0a0040d0c58,FALSE
684e2a2,TRUE
685a2fef8782ea830f52,FALSE
6873d2d0,FALSE
687a538c,FALSE
68b2f0ab,FALSE
68bd455c8708d5e55d32,FALSE
68cb81d130b22928a1f8,FALSE
68d118d9,TRUE
68fff1787e988a8225a5,TRUE
690754011ea1d01dccfb,TRUE
691b5a98cdff7d384765,TRUE
692e5c0c,FALSE
6941f3ea,TRUE
6965d863,FALSE
697357704122923a2789,TRUE
6978260726194471ef26,TRUE
697dc812c866261abb28,FALSE
699a0516,TRUE
69ad11bc,FALSE
69b9a1b6,TRUE
69bdc1b4355d3fa8830f,TRUE
69bf7246bee586aa08c1,FALSE
69c454f0dfe8ac55cf05,FALSE
69c6288f,FALSE
69c88d62,FALSE
69f5fb5d,FALSE
69fa383b72ac5c9605df,TRUE
6a00c4cb7a20f62bf1a0,FALSE
6a0415ea,FALSE
6a069e1d44531996d8e1,TRUE
6a170594d096b6da97b2,FALSE
6a27416d,TRUE
6a4cbef6,TRUE
6a4eb85e5d9db242894f,FALSE
6a5c7d38,FALSE
6a7537875dab99e9ea61,FALSE
6a86181417b28a2c8e22,TRUE
6a96fc50,TRUE
6a9d5b3c1f37bb3dd91c,FALSE
6aa401c,FALSE
6adccf93,FALSE
6ae4d7099c579d27a72a,TRUE
6b02e1a04b4c7dc6bdc3,TRUE
6b1f3332,FALSE
6b310b5e,TRUE
6b4ee93915e2cce45757,FALSE
6b5f66d34ccda969a0f3,FALSE
6b66aa4,TRUE
6b68e82016b5886e87e9,TRUE
6b71bdc2,TRUE
6b80e6b3,FALSE
6bbdded0,FALSE
6bbf3fd2249de972c70e,FALSE
6bca549d2d85049498d2,TRUE
6bd6a2e7ffd8b2df4c3a,FALSE
6c017307,FALSE
6c3d1ecf,FALSE
6c4cf2120b4dbb55c7df,TRUE
6c85b189,FALSE
6c8ebdbf901f42b0d6ab,FALSE
6c9091985da2356ba292,TRUE
6cb37810036e7534fff0,FALSE
6cb9ec9fca2a8e1096ed,TRUE
6d08443a,FALSE
6d158cc5e36b26223088,TRUE
6d343a591250efefc028,FALSE
6d36bff5b6916e0f6021,FALSE
6d67004354b133d0b45f,FALSE
6d7a351bef9bf95083c5,FALSE
6d7f95ba,FALSE
6d949410,FALSE
6db409c6,TRUE
6dbaba5ea7b4b448657c,TRUE
6dbccec7e6c8c1fd4583,TRUE
6dcff23,FALSE
6de79c25,FALSE
6df33c7145a0ff7c8dd1,FALSE
6e016e6ed413839ce278,FALSE
6e0c0594,FALSE
6e1048cf23b0343f016f,TRUE
6e2bdc82aeb18e9498ca,FALSE
6e3cb4a2,FALSE
6e3e24ab,FALSE
6e4b827b930d3b31e2c7,TRUE
6e7240bd11ea15fb8931,FALSE
6ec102cf,TRUE
6ee9a71,TRUE
6efc3a01af0a96785580,FALSE
6f0b8d71459203d83707,FALSE
6f813bda,TRUE
6f8832c2d9022b46d31b,TRUE
6fa6871b382b67981b27,FALSE
6fb7cdda,FALSE
6fde5c2e2c8140d9cc2f,TRUE
6fde62ac,FALSE
7024fe45862a6990f1ca,TRUE
7034f5aebbaee32c1510,TRUE
705314a86cd96cc5bfa0,TRUE
705a8c0012490744776a,TRUE
70b34a51,TRUE
70b3bcf4,FALSE
70b6c19baf8b75135103,FALSE
70c038f6,FALSE
70e629b,FALSE
70e79c14d41e4066d1a5,TRUE
70e9838b8a638d508ad4,TRUE
70f8d9626ee338d24687,TRUE
70fcd98d05f1ef714239,FALSE
710c6e62aba08110f353,FALSE
71102a1b68ab7cd11912,TRUE
7112bfbf785d135431c6,FALSE
7112fb7c8ec1a671039d,FALSE
7117555,TRUE
71178b0af5cf8d428673,FALSE
71281743e896295b162d,TRUE
712b5b0b2ba71aac5def,TRUE
713b0aaf853c78f68f17,TRUE
716eab19,TRUE
716eebb4d0eb8e7293cc,TRUE
717ef04d,FALSE
718af77c71e69827ec3b,TRUE
719332d5516d6738a16d,TRUE
71a0323c,TRUE
71a6cdf71b31d7a2afd1,FALSE
71ad7abcbac89c79f451,TRUE
71b12019,FALSE
71bc5d0b567e036b3d5d,TRUE
71c17c,FALSE
71c9503815f4735d0e0b,TRUE
71d4e56d,FALSE
71e308128ad78a327cb0,TRUE
71eede3c0fd9080383cc,FALSE
720dc562,FALSE
7251e416,TRUE
7252da88,TRUE
7255696b2799ee44551d,TRUE
725ee56385336af9dadc,FALSE
727ca575386e0c83e2bc,TRUE
728027ca68fc6a3f5152,TRUE
7294edce,FALSE
72a0e99b,FALSE
72b023e648b0d9d07534,FALSE
72beb72758d14a7361c8,FALSE
72d1cc6abf6ea213ff5e,FALSE
72dbf96497122726b8f2,FALSE
72e7d9b67ec7bfb89780,FALSE
72fe72bca965e5f61c1c,FALSE
730aca89,TRUE
737356676d8664eaf550,FALSE
737fdeba,TRUE
738d5fdc,FALSE
73bc1b48cab169852b32,FALSE
73cc754457395953915d,FALSE
73f1cc0b3c59617c3459,TRUE
73ff71545939903430f3,TRUE
74013db86385745f3291,FALSE
74178f45ceedb18fe40a,TRUE
743246c9bb1bcc77c301,TRUE
743d99101f96e43bc059,TRUE
7445b03ca2f672be5487,TRUE
744c196e6a4b3199ae6d,FALSE
746e03d422332e8aa36c,TRUE
7478d0053b51cce56a78,FALSE
747f8bdd,FALSE
748089af8eda566a63c4,FALSE
749773aa23a2b643f559,TRUE
749d5c78,FALSE
74b46c92d7ca2b5e944d,FALSE
74c209bb2199f27b8643,FALSE
74d24e59f2881717381a,TRUE
74fe880ac45b9bb9fb95,TRUE
7501b74cae79e0def735,FALSE
750646d0961088e9ac72,FALSE
752acf27f0f6104931ec,FALSE
754cfade,FALSE
75872ff9dc4363b503c6,FALSE
75971922,FALSE
75a95711bb93451e6cc3,TRUE
75bad37c31a065ff4962,FALSE
75bbf644,FALSE
75bec304,TRUE
75e447b6,FALSE
75ee213f7b6611163ccf,FALSE
75fc3b90aa3da6c198b7,FALSE
7609487b,FALSE
760bf78d81b90943f5fa,FALSE
76144e8b,FALSE
761a035e,FALSE
761c735fda5c08825d58,FALSE
7622dd08,FALSE
76261816b54bd71d7de2,FALSE
763ed0ae0f9307b14f68,TRUE
764472e7,FALSE
764efe01434a470a9883,FALSE
7656bb27,TRUE
765fbbf32404bb083592,FALSE
7660112e,FALSE
7664ff237c7c070b4a69,FALSE
769c843af918d6e97eaf,TRUE
76ae425,FALSE
76b334a473f2dbeec631,FALSE
76c1382c95888b8fc73f,FALSE
76cbc3ef,FALSE
77145d52fd6acf89a042,TRUE
77184c658f3a67ef22c9,TRUE
7718ddcf,FALSE
77451445eae16ae01d9e,FALSE
7754c0c2,FALSE
77551cde32f0a5a4934c,FALSE
77708344,TRUE
77752faccb460fd9ea9d,FALSE
7785fc34700e1eb8b50a,TRUE
77a97834,FALSE
77c34075,FALSE
77d674edab62161303b8,FALSE
77e43472adf882e1b132,TRUE
7809ca365ff5713d61c0,FALSE
7815ad7e84d91f3b0a89,TRUE
7816d60e,FALSE
782028fa,FALSE
7829b113094ab6cdc379,TRUE
783be52c,FALSE
784b34303363abd15d86,TRUE
78582589,FALSE
78818e14a957b80b2eb8,TRUE
78a3da05,FALSE
78b20e09894c7cc74adb,TRUE
78d0c46686463bacd2e8,FALSE
78eb7aa9,FALSE
7935acef,FALSE
79818434466a8f6adc1e,FALSE
7984221b2426afb05f65,TRUE
7999409c,FALSE
79a26e463e7fdb315eeb,FALSE
79b35ffc,TRUE
79c03e95,FALSE
79d67a335c6f187c8a8c,FALSE
79da5704c2a1cf0e036c,FALSE
79ec6eaca2dc5923332c,TRUE
7a00652a807f8fea89f7,FALSE
7a0be53946e0ac2827e2,TRUE
7a12bd4e56208743be23,TRUE
7a1ffe6d172658fb2b02,FALSE
7a2d43a6df94c3f8405e,FALSE
7a415a003eceaf8fd4e1,TRUE
7a4536f6,TRUE
7a4bef5e,FALSE
7a56d9054ebf59238817,FALSE
7a752d0ffff864206354,TRUE
7a96ad3c8d6ca7574a0f,TRUE
7aa55a6e2b487cec49a1,FALSE
7aaa3477a01bc81bc84a,FALSE
7ae1171b624491a0b430,FALSE
7b088d798f2cf304e38d,TRUE
7b0d99fd,FALSE
7b1c49abbc9a9f4880e5,FALSE
7b3f110a,TRUE
7b7d4eb7,FALSE
7c01dce3,FALSE
7c022ffb,FALSE
7c2d5a69,TRUE
7c41da01e7a8a0fbf827,TRUE
7c55391fe2875525ff97,FALSE
7c65044e,TRUE
7c6ba0d0789e465e7028,TRUE
7c7f864f0e8e71fdc7eb,FALSE
7c8d1a11,FALSE
7caf30e,FALSE
7cd62cdd,FALSE
7cdefaf4,FALSE
7ced4392,TRUE
7ceed421,TRUE
7cf9a2413e960521c4b6,FALSE
7d0690bc,FALSE
7d131c7b9250ba1129f2,FALSE
7d5eff1cdb192f37f77c,FALSE
7d642c6c,TRUE
7d74797f9b783bd4d4a7,FALSE
7d83a650,FALSE
7d9c930,TRUE
7d9dd94f,FALSE
7db6106c19c23512db8f,FALSE
7dbca07e,TRUE
7dc46785,FALSE
7dcc9565,TRUE
7dd0578f1b837179edc1,FALSE
7dd3e8bc,TRUE
7dd3f9c12499f7508131,FALSE
7ddf3f6f814a2e5b8b33,TRUE
7dfacd0ddd71f31a25ef,TRUE
7dfe14887d42456cf372,FALSE
7e035722125457b9a6e8,TRUE
7e2fccf1a56eac6eab72,FALSE
7e38a7f4305537005eef,TRUE
7e3b285c823ce1f3822d,TRUE
7e5b8c32359cc7de9e8a,FALSE
7e8effee9b56f2078639,FALSE
7e977d17,TRUE
7e9bcb151d48f97ae271,TRUE
7e9be8fd,TRUE
7ebe4c5d6aa19dab1515,TRUE
7ec4f5cc85d0e9d1a24a,TRUE
7ecbfaf69f0cf60a4810,TRUE
7eceee245259451d2a52,TRUE
7edade5a6dd0cac445a3,FALSE
7ee68d52fc85b6fe1d45,FALSE
7ef3c059413be52930f7,TRUE
7f05a4420ad1942bb4e1,TRUE
7f11cbe94508920ed954,FALSE
7f15e71e,FALSE
7f27afc9,FALSE
7f4e5cff7cfbac157d49,FALSE
7f6f562881954c148f12,TRUE
7f8e4cdb0ecf4888f48c,FALSE
7f970d0c,TRUE
7fb59e76afa324298df8,TRUE
7fbcce7f,FALSE
7fcbf76e06fdef86e85a,TRUE
7fec3e34,FALSE
7ffae072,FALSE
800532a89c9f51349ea6,TRUE
801a66ace44ca201bf75,FALSE
80297e602f854eedbca5,FALSE
8034c9fcbf18653a60fc,TRUE
803cd881,TRUE
805a3bd7,FALSE
80764472712cb1a712d3,TRUE
80873537eae67d56b834,TRUE
8088fbb4,FALSE
8099c8ed6b56f88e433c,FALSE
80bfa32517c896efbb43,FALSE
80ce0ed0b94259be4993,TRUE
80d43530,FALSE
80e3820c,FALSE
810056f55e6a8e6f7f32,TRUE
81046aa165a7f60117e9,FALSE
8110f276965acd7bc165,TRUE
81114870dd18993002bb,TRUE
81162fee,FALSE
811ee609,FALSE
8121e4b86231ee275d9e,FALSE
81284ce7f801f36039fc,TRUE
813af66f872d32a7bc68,FALSE
814850d1215b222e5d5a,TRUE
814a678a542a90ef4303,FALSE
814be464a82ef7ce741e,FALSE
814dde2b3e00678ec489,TRUE
814dff6d10078fdc5361,FALSE
816880c3a96d31e80499,FALSE
81875c902f990183458b,FALSE
819659bb,FALSE
81ad1506bd7a66cb8f0b,FALSE
81b88a57ab75bf607ec1,FALSE
81be78518208130aa2fd,FALSE
81e456fe306ac787b55e,TRUE
81e51c098c4d7571c026,FALSE
81f9b8de89f2001a6653,FALSE
81fe8096,FALSE
82030e80,FALSE
821f8045,TRUE
822d51ae,FALSE
822e08a1e53ac3f9e764,FALSE
8234044d,FALSE
823701ee,TRUE
824ff3735b7e52175e47,FALSE
827a2ce1,FALSE
829a1d2af7148bfee099,FALSE
82a08a0efdf794318852,FALSE
82b0f968c80cc81e1007,TRUE
82c3276ab07cbb58af85,FALSE
82c98f90,FALSE
82e3336c88d04a1a3a3f,TRUE
8311df4b,FALSE
832486b3,FALSE
832708f8,FALSE
833fdd144443d8037f77,FALSE
83515dc784b314d6929e,FALSE
835a3407,FALSE
8364776e,FALSE
83665a3ead029164481c,TRUE
8390a0b9a578bfeae707,FALSE
83b2191ac1e0c23bbb29,FALSE
83cefd1e,FALSE
83dc82f6c6a45981d6da,TRUE
83f81d7e17b93f98de15,TRUE
840b2ec420e7acac5f16,FALSE
84182e1f61800f50f9e2,TRUE
842bc94939060aeacc1f,FALSE
8452169d9b24df2a93b2,FALSE
8465039c,FALSE
846f6376408b48b12bfd,FALSE
84bda8ca78a479a651c8,FALSE
8504fd29,TRUE
85080a59f962f06e73c3,TRUE
85152f55,FALSE
8534f007524870fee367,TRUE
854445c0c8a91a83dbc2,FALSE
8572572b84fa57844203,TRUE
8575f4b80b596c735bc0,FALSE
857a14c1,FALSE
859a906c4e3ded282dfd,TRUE
859f9f1387ec28b52f11,TRUE
85b1bac094d8446a6f8d,FALSE
85ba2a4b77c8d09a1c0d,TRUE
85cb0f56ac79343c69d0,TRUE
85db80cbb9a44461720f,FALSE
85e12099,FALSE
85e34f9e7c7f9712067b,TRUE
85ee1e977c0a6c82a3c1,TRUE
860d0065,FALSE
86116b73,FALSE
8615dbfb1aad2b7ab565,FALSE
86374cf9,FALSE
864b504fbd5f84946876,TRUE
8684fa6429de3abb068f,FALSE
868ab94a3e71638a1bc9,TRUE
8692387c,FALSE
869ccb0f,TRUE
86b7c1ff,TRUE
86c23f04,TRUE
86d57d52179b78662caa,FALSE
86e0f7f7,TRUE
86f4d8d3bf0cb3d984ad,FALSE
87010723606ed18ce7d1,FALSE
87022352bd190b4e6920,FALSE
872ba9a0cfd9c72196f7,FALSE
874cbaed,FALSE
8756c6a0,FALSE
8775a78e,FALSE
877605e15d705a7eebe2,TRUE
8786506a,FALSE
878f0c58,FALSE
879c83158a811879c6ab,FALSE
87a175c360869705e206,FALSE
87baba43,FALSE
87d440ebfde18f1a5436,FALSE
87d56b912481c23ec239,TRUE
87e78f2a946cda74d1d2,TRUE
880f7639,FALSE
88124e2e,FALSE
881bd0df,FALSE
881d28db8fc199f7f7da,FALSE
88508a09345b829c6644,TRUE
885aa60687eb3d581ddb,FALSE
88892df286c315ec266e,TRUE
88a2cce43f07e0e71f6d,TRUE
88b0f98028191728aab6,TRUE
88b3362a,FALSE
88cca67e628c149cb43b,TRUE
88cccb,FALSE
890a2544a193d577c50c,TRUE
89864753,TRUE
898b5384,TRUE
89a7e0f5,FALSE
89a99f7acc8cb957bc19,TRUE
89ad6bb9f7c12699ec36,FALSE
89c47af73bf045034ce8,FALSE
89d7cdcb029f6fa31ac6,TRUE
89d89e8f,TRUE
89ddc3e43231a4d3ecac,FALSE
89ec52bba436c1460345,FALSE
89ed6010,FALSE
89eff07fe0ecab0994cb,FALSE
89fa0c62,FALSE
8a05d40475b09320befb,TRUE
8a20aa841c0e1203d98f,FALSE
8a5180cf,FALSE
8a55d1ed80634685fe18,TRUE
8a8554371cdcdb2eb320,FALSE
8a85bf916a0532fa8d55,FALSE
8aa16f416ca912ee9372,FALSE
8aa83c3db6cf19dccc1b,FALSE
8aaa8cf572e2c56570ab,TRUE
8ab4317,FALSE
8ad0c2c52f5004ffd219,TRUE
8ade717e920ed98aba8f,FALSE
8ae92e11,FALSE
8af412185ec77d282a8f,TRUE
8b085c70384a1e1b711c,FALSE
8b114c5020605026de24,TRUE
8b123c95,FALSE
8b183f3368744a8ec2f3,TRUE
8b263c1daac2f7665585,TRUE
8b42e4c,FALSE
8b6198f2,FALSE
8b65ba0b89d5e9b810cb,FALSE
8b7899f8acf2882ddccd,TRUE
8b79aa6e290e2bfd33cb,TRUE
8b9d5a72fbcd60ec41f6,FALSE
8ba5fb547ec872eb3c36,FALSE
8bab7c93,FALSE
8bdfeee4395a1bad6294,TRUE
8bf3bdb49fb3c08f3caf,FALSE
8c07f1dd110cc922150e,TRUE
8c0af94770c96103bb1a,FALSE
8c1c4a14214012541871,FALSE
8c39074d,FALSE
8c3ea831d98f62327585,TRUE
8c491211,TRUE
8c58be3f506aa1efaca0,TRUE
8c5a71f2,FALSE
8c67a9e86cddd256e7a0,TRUE
8ca199d7812fd53aa135,TRUE
8ca82447023509778dcf,FALSE
8cade4f8b22b5bc80d85,FALSE
8cbab9c0,TRUE
8cf35d6207e32a969ed2,FALSE
8d118b4898ae7d6aca19,FALSE
8d254a9e7180f3ff8eec,TRUE
8d27b352,FALSE
8d4b6afe,FALSE
8d59d96c43fe9d334914,TRUE
8d83815389580fbe4a3b,FALSE
8db09d86f1a5ad365375,TRUE
8dd1d6209425b344496f,TRUE
8dd5cfd9,FALSE
8dd62a3f5497819a102d,FALSE
8e0f0538e74f227369c8,FALSE
8e23ed01fcdb0fabd2eb,TRUE
8e40d836,FALSE
8e4474ee,TRUE
8e4f73e3247700f88eda,TRUE
8e543976d1b7b18b37a3,FALSE
8e69a72226926e74fe6e,TRUE
8e7e9367c488c80a6d93,FALSE
8e937bf,FALSE
8ea38628,FALSE
8eada99d,TRUE
8eae3a7088f55d926f67,TRUE
8ebdb432,TRUE
8ed0527373f21d8bf33c,FALSE
8f0f640405d59e2b7477,TRUE
8f1c5942,FALSE
8f24dddcc97c98be4515,FALSE
8f4b1a30,FALSE
8f58133b,TRUE
8f676da3583cbca63fa9,FALSE
8f774701,FALSE
8f8a4691c1d3fff5bc4b,FALSE
8fa04ba0,TRUE
8fc66c998036db3abb26,FALSE
8fcfb8f0,TRUE
8fe09c21,TRUE
8fed667123239b465764,FALSE
90074026edb03610ff69,FALSE
9007441e673b59abdb6f,FALSE
9025cad81f7f012920e5,TRUE
902e4da1,FALSE
90342d28,TRUE
904b5f0e,FALSE
905e01ad4e1594517d8a,FALSE
906bd725,FALSE
90815a0b,FALSE
90a80fae,FALSE
90baa130f5877a6184f3,TRUE
90bd69c,TRUE
90fe8c0a,FALSE
91134769b58e1e995528,TRUE
912765f5,FALSE
9135b71e,TRUE
913f4e91cd3646236ca9,TRUE
91663cd5,TRUE
918e698e,FALSE
91a128f,TRUE
91ae0265,TRUE
91b4abffeb6a87919194,FALSE
91c45fbb81a2994f5aea,FALSE
91ca4f198eef83a64bbb,FALSE
91ea430e,FALSE
91ee2d244fb9d1e9b624,FALSE
91ef7f6b683568923230,TRUE
9223a0ac1813bcbfa216,FALSE
922b2470a9551ea33c9d,FALSE
922cc5d8,FALSE
923200eccb469fc2c4a8,TRUE
92460443,TRUE
9247f0e61504f112ead4,FALSE
924f8b83,FALSE
9276a0297fb2014d729f,FALSE
92789e081fb3d7897cc6,FALSE
928c80e7cf6a40bfed1d,FALSE
92a1a831,FALSE
92c56db049c0ce5382ca,TRUE
92c6fcd21a207adc4d1d,FALSE
92eb1d3581ab93df8101,FALSE
92ee1049be1e6c3262ee,FALSE
92f0a06ff9eb79ff1a98,TRUE
92fc40cd,TRUE
9307cdbe,TRUE
9309903623df4327016c,TRUE
930d0d7b34aded62325e,TRUE
933b1e29a9af78438b03,FALSE
9346548c,FALSE
935bfe70,FALSE
9376818d,FALSE
93a172c01596e5106405,FALSE
93a4eb5a00a66cee1b46,FALSE
93c7e654040e71e675a2,FALSE
93c82a4ef3b224c488a3,TRUE
93d1499,FALSE
93ddd8ab00ea3825788e,TRUE
93e2712a23b13d96025a,TRUE
93efea0df5985b44dd7d,FALSE
94011c2,FALSE
940216550899ff2611f1,FALSE
9403d6d1a8baa86c2ba1,TRUE
940ca8ed856845627836,FALSE
94150debb03d4c229f42,FALSE
941f4349,FALSE
94341a508d987ccfbe95,FALSE
943fa5a7df240560a015,FALSE
9476f076,TRUE
9479b2cff1acc6ab41e2,FALSE
949381f45c4d171a91ae,TRUE
94aaf0c0,FALSE
94b7cf3c2ef95a2954c0,TRUE
94de85ecad4a7a4b46e6,TRUE
94e23053,FALSE
9500ff7c409c27e28c3e,FALSE
9502b60dabbfbe672f2a,FALSE
9512c6d608af8dbadac8,TRUE
951cd525,FALSE
951cdace3fcca6a7f597,FALSE
9524b2520b52c97ebfa8,FALSE
953bf6f8,FALSE
9547344d41f7699a07ea,TRUE
955e0041c4905197aa2d,TRUE
957c21a5a881eab1326f,FALSE
958645a8,FALSE
95bd16a0,FALSE
95c8ca64,TRUE
95e855608320f1e56ce1,FALSE
95fdbe9642dfd400221c,TRUE
961932ce,FALSE
963f7c21,FALSE
96477d9c,TRUE
9666b490,TRUE
9668ba9cd9781373d02a,TRUE
968c8855f3a044c022c5,TRUE
9696d491,FALSE
96ae3828,FALSE
96bc7e3f48b09ee7f155,TRUE
96bd5f6a,TRUE
96fa3af0492ad7397c46,TRUE
97109ead2377ef9c174d,FALSE
971212f9,TRUE
973b2eaac0f2e11f8e4a,TRUE
97407c0386c16b7c3fea,TRUE
97462a6d8e1489f47155,TRUE
974758f1,FALSE
974953c5e8ea7c1390da,FALSE
977e6f4cec849dce5e96,FALSE
9785051eed3d3b789003,TRUE
978a84638ea81b72cd02,FALSE
9790d2f6,FALSE
979d33deb181c8d766f0,TRUE
979f96f94b0870711223,FALSE
97a81a79a7535024f3e1,TRUE
97a9ca04231ca5ad1de6,TRUE
97be55bcdfc684a69826,FALSE
97c83f64,FALSE
97e618cd281cdd254111,TRUE
98015ada83e848200f90,FALSE
9813a258,TRUE
9827ae1f,FALSE
982cd7948c6014d9edd6,FALSE
9853fb747b86c7252c73,FALSE
987f7e4b4d9c833e9572,FALSE
98a3ac5f24a1adabf38b,FALSE
98beebfce66ca2c4acf4,TRUE
98c3e38a,FALSE
98c5d063cb0a645bd1b5,FALSE
98c65f9fc71846f3fd96,FALSE
98d9c602,FALSE
98ef13d,TRUE
99331fe7674e8617aa50,TRUE
993f8ce8,FALSE
994b6cc7,TRUE
995ce39e,FALSE
9969d1828fbd09f0e06d,FALSE
996b340323ef49872225,FALSE
99796f9f936afac30672,FALSE
998056fb77d9dbdc1a32,TRUE
99a4d1df7a8184a477ec,TRUE
99ad252d3d248b46bdeb,TRUE
99ae122a212e65ccca7d,TRUE
99d475c819cb5cafaa6d,FALSE
9a1d21cc,FALSE
9a2a8c89,TRUE
9a34ddd8,FALSE
9a36eab686d4191e2c6b,FALSE
9a3d88fe792e861bca06,TRUE
9a47ea1320d27c97ff9a,FALSE
9a6610d80e9a7798588f,TRUE
9a6e74fc2bb73adbc269,TRUE
9a84e988,FALSE
9a8d6b212ba15e3110da,FALSE
9aa1bb5646e7293ea2d8,FALSE
9acfee55,TRUE
9af97657,FALSE
9b0ee44e,TRUE
9b2724e626ce7ce9a9eb,FALSE
9b39d2870415c1853288,FALSE
9b6660e9,TRUE
9bb5c6d,FALSE
9bc5b1f3,FALSE
9bcd631c,FALSE
9bd804b6,FALSE
9bf96477423deabcda6b,FALSE
9c2d75c5,FALSE
9c3ecb7b6454509fa7b8,FALSE
9c432a1069e7b733857d,FALSE
9c4b1c6ecbb55ced87db,FALSE
9c5482dc,FALSE
9c6e15ce456d0801cb94,FALSE
9c7238a0,FALSE
9c72aba4,FALSE
9cabcdf1,FALSE
9ccb05896637013743ab,TRUE
9cdfe2a6,FALSE
9ce40ea1,TRUE
9ceed7f0,TRUE
9d00cc1dca92c97c7937,FALSE
9d010c1,TRUE
9d02293680cfd033f704,FALSE
9d057c4e2859831b7c1f,FALSE
9d16576,FALSE
9d3a085f,FALSE
9d3c281aee67038963c5,TRUE
9d3cdab2ab96010e1064,TRUE
9d5fb6243b0869f3acb3,FALSE
9d6871633c4cb8333116,FALSE
9d6894f731e893acc0fc,TRUE
9d7d6cc7,FALSE
9d8642f936b0e74cf398,TRUE
9d8c388c21147b86305b,FALSE
9da314da,TRUE
9dcb2e63,FALSE
9de9701c,FALSE
9df1ffa7b65db001fa55,TRUE
9e04746242d4ac872282,TRUE
9e088554200ecd2d93c0,FALSE
9e1debd6,FALSE
9e2431c51288d6377562,FALSE
9e476c18e8e7f8d801c9,TRUE
9e69a8232b3d8e65ab25,TRUE
9e7898eb,TRUE
9e8b0a91,FALSE
9eadf65a4df5221b1107,FALSE
9eb9da5d,TRUE
9eba02c8be1acb3510ba,FALSE
9ef3e5929a3f68218318,FALSE
9f0eaa38554d2c4ef5aa,FALSE
9f17227a77bd3fb960d6,FALSE
9f1a59c6c050014e45e3,FALSE
9f211883bf7fd2a52079,FALSE
9f2d9fa0,TRUE
9f5f6d71,FALSE
9f67fc10ca12a5eff2b4,TRUE
9f685eec094a1b3021c3,TRUE
9f6d8e2688cdcd9dbf5e,FALSE
9f72e02,FALSE
9f771f5865eef2f419cb,TRUE
9f7df041,FALSE
9f81673f342862a65cfd,FALSE
9f834e0fe2c5e992b948,FALSE
9f9de592262f484a188c,TRUE
9fad05039b8240329dc4,TRUE
9fba84c10d1afbf79005,TRUE
9fc1b4652c563260311a,FALSE
9fe22e50,TRUE
a02710f38e2d71960bef,TRUE
a02bf6af641f32de9829,FALSE
a0334aaa1031dfcabc50,TRUE
a051dcb6,TRUE
a05c4695c8b127994250,FALSE
a0830a06dd30066b1240,FALSE
a089f8d7f68214bbc3bb,FALSE
a0904c785cc96350a65a,FALSE
a093819,FALSE
a0acd22f28089e8db598,FALSE
a0b34ac4,TRUE
a0b7ec38,FALSE
a0c30be4ec47a6ff0d1b,TRUE
a0c6223bd492591ee4dc,FALSE
a0da9bc25082e3b17edc,FALSE
a0eca96e7a053a50851a,TRUE
a1101df65403116d8a88,FALSE
a1109867af342f900ac6,FALSE
a11b13fd,FALSE
a1279091c466eb9562c7,FALSE
a135ee83,FALSE
a14414fb,FALSE
a18c9f8115663e6fb6f0,FALSE
a194cb57,FALSE
a1af185993d23f46156e,TRUE
a1b08af9a97984143457,TRUE
a1feae3c,FALSE
a211d6e0cfff0ac85e85,TRUE
a215c8b93a2f47d82dc1,TRUE
a221f77ecac01b890911,FALSE
a229059d,FALSE
a24f6b195a440719ae9d,TRUE
a2534a515bb24648ed5e,TRUE
a27c70caf9632a875b54,FALSE
a2a24b955775fbce5be0,TRUE
a2ba5815f5eea79b7c88,TRUE
a2bb2b560d6d089bd0a7,TRUE
a2be05843daf130dd710,TRUE
a2f122da,FALSE
a2f1be5e20c0d59a156e,FALSE
a30390cf,TRUE
a32d0e217d44f32f208a,FALSE
a335e6804c99a5c0627d,TRUE
a33931775aa3d38d9d1b,TRUE
a39acff9597782dbb7d4,FALSE
a39cdd0af7d2425b3ab7,FALSE
a39f65d0,FALSE
a3cac72aeddc6209cbe1,FALSE
a3cee99c,FALSE
a3f0a5b5,FALSE
a3ff4ee5d27d1081c1ed,TRUE
a40e3f896248d55da4fd,TRUE
a42ffd28ce2675221228,TRUE
a4423896fc749ba80f22,FALSE
a44bb8b20f4ae7db3b40,FALSE
a4867d8b8b8d411b1b20,FALSE
a4926ca1,FALSE
a4c0cd9c3ee373681fad,FALSE
a4e2e3051490263ffee4,FALSE
a5008e3740d021ddeff5,FALSE
a50ad48eca2bc5cd0f77,FALSE
a50b87f7,FALSE
a5111d3f,FALSE
a51f7919f28a35c0a00e,FALSE
a5241f76,FALSE
a5251897,FALSE
a539a7d5447c1a2ff587,TRUE
a557650d,FALSE
a559d434ed9ccfc3d096,TRUE
a5699615eed7e4a888ab,FALSE
a569c10b,FALSE
a56bbabbe97b5af694a1,FALSE
a5b8fb22,TRUE
a5be1f98,FALSE
a5d3bc2d,FALSE
a5d8fdb6,TRUE
a5fe18d736ea25b52c24,FALSE
a61e17d0275b72774cf6,FALSE
a6281ff8,FALSE
a643c3c6e13378a6f352,FALSE
a660be3051439e858692,TRUE
a66f95fa,FALSE
a6720b3523848be11aa9,FALSE
a67828d0c011fde01001,TRUE
a69bbd47,FALSE
a6d9bcb0,FALSE
a6f77f579fcd52810f79,FALSE
a71e6f98,FALSE
a7384570,FALSE
a73a5df,FALSE
a7477035,FALSE
a76fa820,TRUE
a795076c,TRUE
a7b386844d0b20cf5a79,FALSE
a7d45c80ff1046159f3d,FALSE
a7e967fb5dd5f74cc3e6,TRUE
a802e6d1b0d7bad04d36,TRUE
a805a315b70800245375,FALSE
a827e05eae65c9d6cb83,TRUE
a82bdded53fd7abe27da,FALSE
a8421e33,TRUE
a86dae639a6319641865,TRUE
a86e7abf,FALSE
a8921d45,FALSE
a89d9af9,FALSE
a8a427c937234526c602,TRUE
a8c9ea26f9f36799f05b,FALSE
a8edf96c0cedae5ad3c7,FALSE
a91b11b,TRUE
a92156877ab495d250dd,TRUE
a9448bf2dbdec3fbdaa5,TRUE
a94e69151a2767a7355c,FALSE
a94f2fa0274ac937a260,TRUE
a96af0f90b66e8884db8,FALSE
a986c6ca6e37776846b7,TRUE
a99a99e98c0714f8c822,FALSE
a9a95420,FALSE
a9c05a8b,FALSE
a9ee9e5c,TRUE
a9f06f77,FALSE
aa0198203ec8764e6dfa,TRUE
aa093e096278ef59c0d5,FALSE
aa0a6af41ebd314adc3d,FALSE
aa18f6d4,TRUE
aa21755b84829c6ca450,FALSE
aa2f4945f8985095036a,FALSE
aa5b26a3,TRUE
aa81a7532a856b4750fd,FALSE
aa90d6480a21e11f95d0,TRUE
aaa5b099b86990b057b4,TRUE
aaa6c401,FALSE
aaad79e43ab27046978f,TRUE
aab4bcc98008d6879c6e,FALSE
aabd2d83,FALSE
aac1943f,FALSE
aacd2c0cc41497d3a6ab,FALSE
aade243e1b31613aefdd,TRUE
aae4d2f61ca0e47c1857,TRUE
aaefadfc7c0a3732764a,FALSE
aaf3ad6376f53dffe24a,FALSE
aafd9af771aa04b078ee,FALSE
aafdfb5221cc2a2a4662,TRUE
ab11b0769365dadd0c43,TRUE
ab219222b6ddc8517d2a,FALSE
ab223803,FALSE
ab299ab329fcdb147e96,FALSE
ab2e5ca6433804425203,TRUE
ab58fb34e4f85f6631e5,FALSE
ab59f271a9bb3d650637,FALSE
ab6d0894,FALSE
ab787f81,FALSE
ab7d3a3ca7a8d8a79aa8,FALSE
ab961c6429fa97564f50,TRUE
ab9e9ceaae93b35957c0,TRUE
aba2a1c3,FALSE
abeb5f2d,TRUE
abf0f7f75b2a142cf9bd,FALSE
ac003210,FALSE
ac0b57d3,FALSE
ac12f9936963901f617f,FALSE
ac3c19147da59cdb4097,TRUE
ac4d37f2,FALSE
ac7091c5,TRUE
ac74fd1339b8ca53a868,TRUE
ac7b63974bd7dcf8012d,TRUE
ac877e176a6fb6495caf,FALSE
ac8b617f,FALSE
ac909e82,FALSE
ac9771d49baf75564249,FALSE
acc11be9b84b2b01c2d4,FALSE
accc3414,FALSE
accdc62f,TRUE
acd7a012106845649909,FALSE
acdc7979f96d61a0391b,TRUE
acee2775986fdd62bc51,TRUE
ad089f22f2328e97441e,TRUE
ad1097cd,FALSE
ad3584c1,FALSE
ad805c6c,FALSE
ad96e5f8fbd89dfc3306,TRUE
ad97157de566b6c557c2,FALSE
ad9c069e5e23d53c31fd,FALSE
ad9e1f0a,FALSE
adb19ad9820c6712ea52,FALSE
adb35195bca27a4582c5,FALSE
adcbb4add97cc2e5c444,TRUE
adcd0aab,TRUE
add40f2ca2088c02b450,FALSE
addb7fdcd934366207ee,FALSE
ade28cdd,FALSE
ae10378c7ae8b2ada80e,FALSE
ae10fc59d68729ff3df6,TRUE
ae1752fa1e0c0278a81b,FALSE
ae218e0f7131ecad4e1e,FALSE
ae2762dbff3b959f57a5,TRUE
ae4c0733bfa99aa9bfd3,TRUE
ae698820d19a77273772,FALSE
ae81fe5552f2758b22c8,TRUE
ae8a2520d629d531376c,FALSE
ae92adbc6f010a88ff72,FALSE
aea77c8c215859891e53,TRUE
aeaf009cc38d948f5cee,FALSE
aeb51e53,FALSE
aec2d34612b1f0a5dda0,FALSE
aecc708b,TRUE
aeeb8e1b,FALSE
aef36d3b,FALSE
aefeca39721d05e1edba,FALSE
af09e2ba652b52ca12b1,TRUE
af2b18d3,FALSE
af336acef5ccd333b2b1,TRUE
af5734de,FALSE
af598fe5,FALSE
af5aa0f0db54a1e40ea2,FALSE
af7f542cd385a85af240,TRUE
af91458bbd2c0a48fe18,TRUE
af96825414ebe8118e48,FALSE
af991530b7363053f161,TRUE
afa8df53d59303d52531,TRUE
b04026adec5f06884c28,TRUE
b0403a63ad09fee56755,FALSE
b04fbf85fe39abc1f1a9,TRUE
b059629031d383b22d18,TRUE
b080565817feacd29162,FALSE
b08fc40,FALSE
b09e9e8,TRUE
b0aeedc3,TRUE
b0b872a2,TRUE
b0ba64f217f785f775c2,TRUE
b0c9b7bc766eb39ea95e,FALSE
b0ddb2389fe4d960a7d9,TRUE
b0f02086096f26800ad5,FALSE
b0f6e749,FALSE
b138d7ded9b136b5127b,FALSE
b13a0012216462b16a94,FALSE
b162aea5376b963b583d,TRUE
b1716f03f78d6962c195,TRUE
b180862f162424a74e8a,FALSE
b19519195d69c5ec58a6,FALSE
b19a682fa82bf2f1daaa,TRUE
b1dd048f,FALSE
b1e3865b,FALSE
b1edf7d9,TRUE
b1f73e73cfb5eb24d76a,FALSE
b1fad341a28517a7e92a,TRUE
b20dd75fc19b518e35e4,FALSE
b2166bdf22ca03ec79df,TRUE
b2236f4828d46f09a1f6,FALSE
b240eed5de9cc15ff90b,FALSE
b2455740992ed454bd91,FALSE
b253f0f13f4223c72894,FALSE
b26fe6e28e2d876d9053,TRUE
b27a30e,FALSE
b27c2551,FALSE
b28c542831c7657ab092,TRUE
b2a2d1e732a3f1bd7d75,FALSE
b2de44c33e3ec83e77f4,FALSE
b2df5357,FALSE
b2e6fd183865bc454173,TRUE
b2f561a5612bc49130bf,FALSE
b305376cf184581b3816,FALSE
b318f355,FALSE
b35288082b5885ea6cab,TRUE
b3543371ec40bb857e21,TRUE
b36335c4625e39051835,FALSE
b397fbc2,TRUE
b3c394035c5a63840ae0,TRUE
b3cbfa1a,FALSE
b3d8f3ea269f433d3736,TRUE
b401e9a38ec80838868f,FALSE
b406606285475ed04cb2,TRUE
b40921ee335b9948a548,TRUE
b43586e4,FALSE
b43a212c,TRUE
b44aaa106cadb3a096d2,FALSE
b45633627e24791b099a,TRUE
b4752d1f,FALSE
b48b3cc49103086c6257,TRUE
b4a99fc4,FALSE
b4ace807,FALSE
b4eb04e912ecd56b9b96,FALSE
b4ef6566,FALSE
b4f6614692aa9221fcdb,TRUE
b511bafc179196e0ebd1,FALSE
b51d3b96,FALSE
b5205108,FALSE
b52774a7,FALSE
b52c97830eda096bf454,FALSE
b5305ba2,FALSE
b534c347402103411a19,TRUE
b543162c,FALSE
b5453991,FALSE
b54650c3b2d0944fb958,FALSE
b55d2a49,FALSE
b55fd067,TRUE
b564f8cebba89eb66c1b,FALSE
b569e78c,FALSE
b570651cfdd6cd25d6a5,FALSE
b58dd89bb87cdb1b7558,TRUE
b5913f494ba1ccf05387,TRUE
b59babfbe15fd09e8e3c,FALSE
b5a7913a73e435178cd9,FALSE
b5b0bdfb8dfefd51af9c,FALSE
b5ec5bfb,FALSE
b5f2ae1d,TRUE
b609e5f44b9a29d6106c,FALSE
b610f471,FALSE
b61fcbd86c178a0bf009,FALSE
b621f21779858b3b80c9,FALSE
b65f7e0a2167fc6fba94,FALSE
b669e9f6,FALSE
b66a17d185b196dfa1c4,FALSE
b671af3281fd5c6e2b9c,FALSE
b690414,FALSE
b6ab7754a0f57ee8e0c7,FALSE
b6c60b1,FALSE
b6c8fbc3,FALSE
b6e42077,FALSE
b73ada5bfd9016e6150f,FALSE
b750c35306be7cca3181,TRUE
b759fcc5ce8703bf6eb0,TRUE
b75bc8a7cdd704ade9dd,TRUE
b75fa3e3,FALSE
b76890ed,FALSE
b76e33097194f6eaf6b9,FALSE
b7818d7245e8e1749355,FALSE
b79a3d79,FALSE
b79e7f6d,FALSE
b7a09e3d8070b616def8,TRUE
b7a70cd9f5ddadf34003,TRUE
b7bf7e51cc28cecb6dcc,FALSE
b7d5c134,FALSE
b80c8f17fb299c01114a,FALSE
b8102d4b60c2525ca435,FALSE
b81bdb667d8679f6e73b,TRUE
b82e0ede,TRUE
b830a7b3,FALSE
b835b8f33a9063daeec6,TRUE
b854000a34eacd374357,FALSE
b8568901119d2656ff2d,TRUE
b8623d19,TRUE
b86911718ee9504f427e,FALSE
b872060b,TRUE
b88fe469c34915cb35fb,FALSE
b89ee1d7,FALSE
b8d848999283d5f04ce5,TRUE
b8dc3080,FALSE
b8f0571956c329ab0883,TRUE
b8fadd06535876daf243,TRUE
b8fecb5d,FALSE
b92c402b75a0dc56d5ec,FALSE
b92ef382,FALSE
b943b45e3b05f72db5aa,FALSE
b96c7ba96fc2f61b722e,FALSE
b97cbf4a,TRUE
b98aab818eac3ff30d85,FALSE
b9d7aba7fc3f5d437cc1,TRUE
b9d9aae8,FALSE
b9e1d3914ce977520d4b,TRUE
b9e815f2,TRUE
b9ff756a,FALSE
ba05b99653724dcd1758,TRUE
ba0f27846d223653fe67,FALSE
ba29e9f789a569661617,FALSE
ba2ddca6659b9c809610,FALSE
ba3ec02d5cbabd882f8c,FALSE
ba48df6a14112738793e,TRUE
ba8c9cc009b239652f88,FALSE
bac659645f1f7d445443,TRUE
bacbb979ab6cd51107c4,FALSE
bb09a8b3158f71b0a50b,TRUE
bb0c6dd1b266553252f1,FALSE
bb3a7d7201b2420e1c6f,FALSE
bb59e65cd3801bff8753,TRUE
bb789f329449de82869c,FALSE
bb7c0761,FALSE
bb8090be04a5296693e7,TRUE
bb9f980a,FALSE
bba06357,FALSE
bba43412,TRUE
bbbe38a37e8093acd872,TRUE
bbd848c569b7fcf75c18,TRUE
bbe1e0197b7df3564b51,TRUE
bbe6007c,FALSE
bc0b2765f126f36e082d,FALSE
bc0fe3b4,FALSE
bc1f9a5475270dd939e4,TRUE
bc40548e90870a58cbe3,FALSE
bc59131d,FALSE
bc8aa5a97375afc285b8,FALSE
bc8d0cac4e909472860b,TRUE
bcb1c3dee3b29474b3ce,TRUE
bcb8f27a,FALSE
bcd60b739b7062e1fcb9,TRUE
bcf70d1ca19feff8cfb3,FALSE
bcffcbaddb95d89f68e5,FALSE
bd167f2b,TRUE
bd1c027cd55e46bac704,TRUE
bd24a80ad0cef163a998,FALSE
bd5076c6,TRUE
bd572939,FALSE
bd7a802bc1d3620fa3e8,TRUE
bd90a58233ba97f8c192,FALSE
bdb092c1c55eec3ad1b2,TRUE
bdb1eb0259e1993fef0a,TRUE
bdd4691e,FALSE
bdd8e27a,FALSE
bde33623,TRUE
bdf2473f3f9c1e0e87af,TRUE
bdfa5dc6,FALSE
be1568845e63d3cd5a71,TRUE
be4063bbbd5f5cbe249b,TRUE
be427011,FALSE
be4925eb,FALSE
be4db079,TRUE
be4dce9f110b0de7654f,TRUE
be5afc3e,FALSE
be9158d8c5942081dd03,TRUE
be9a823c24e6381a5675,TRUE
beac5104,TRUE
bee4e07c28d3d967a5bd,TRUE
bf2b6f4eb39d38da0db7,TRUE
bf31063ad8095b6408a5,FALSE
bf69aeb2,TRUE
bf749dd9ef47de019457,TRUE
bf7c1e5fddbb535955cf,TRUE
bf94894f,FALSE
bf9eced1,FALSE
bfb130e84e29b7d9b699,TRUE
bfdb7ba1c1f1b7df490f,TRUE
bfef83a3,FALSE
bffb9c62dfd2aa1a9f67,FALSE
c005e73bf44a33cd8de5,TRUE
c055bb86,FALSE
c05d5c27,FALSE
c0682fc4,TRUE
c089b484405498e67d4e,FALSE
c08ec7f6,FALSE
c0c0befa971333ba4b43,TRUE
c0d7b357756b54a76826,TRUE
c0dc26f8,FALSE
c0f104a8,TRUE
c11e7458,TRUE
c11f321cf7d89ff4a068,FALSE
c1315aa1,TRUE
c132df589acf04122703,FALSE
c14a8c2d,TRUE
c1692ff3,FALSE
c1707e1f,FALSE
c176933c2d398245cce1,TRUE
c1773f34,TRUE
c17943d2,FALSE
c17b5d8032e5aaf3c850,FALSE
c1830bab2a5f28a5f75b,TRUE
c18d2878,TRUE
c1cbd948e8dd1d02e7d3,FALSE
c1cee347bc5791e3fb5b,FALSE
c1d8a0a3,TRUE
c1e89c28e90dd70f6332,FALSE
c1fe5ef0be37bef9b714,TRUE
c205436840e0feb5014f,TRUE
c21bdebc783d45a68878,TRUE
c222ae31,FALSE
c240f555dbebdcee73e1,FALSE
c274b57d,FALSE
c27550884ce57232deb1,TRUE
c27557e47a56022e9b01,TRUE
c2884b02,FALSE
c28f49,FALSE
c29259dc,FALSE
c299bdc7,TRUE
c2a47c5e6118e19fb8c9,FALSE
c2b41be0e8a3808d76e7,FALSE
c2b700e116466bb426ae,FALSE
c2baecbad0be43dfb9fa,FALSE
c2c2f944c68a208c7f12,TRUE
c2c48ef645e63589f694,TRUE
c2c561b33e144fe3fa07,TRUE
c2cbb07165033b6232e8,TRUE
c2cc19730c77f1d03a9e,TRUE
c2fb2cd5cde703b1e124,FALSE
c3092e8f,FALSE
c343d2df4a3e7a59cc3a,TRUE
c3442dff281ae3dc9840,TRUE
c351d94fd1d65537f3eb,TRUE
c3783f113ff63b50976d,FALSE
c37dfa27,FALSE
c3a0eecb,FALSE
c3a23487,TRUE
c3c7a659ac3c64ada189,TRUE
c3d5e22f93b5a7979c8c,TRUE
c3f9a85ab8aba8844402,FALSE
c41167f48c8f8273b248,FALSE
c42d32d96d8042f93a16,FALSE
c459044a,FALSE
c477c8d3343d1bebd6d5,TRUE
c478bc4aa137b8c53a46,FALSE
c4884f0f1bbfa078d10a,TRUE
c4bce1eee818a85e2845,TRUE
c4c1a1eb00dc71509488,TRUE
c4c4435b0a178edd1c6d,TRUE
c4c4b0d01f41cdef7cf8,FALSE
c4c55dd1,FALSE
c4cbe679c930d218bd43,FALSE
c4e3ba0038222b6a98b7,TRUE
c5004599f3541dce279b,TRUE
c501ca25859a9b6d2827,TRUE
c521c78b86e5e254ecde,FALSE
c5544c02a95335733595,TRUE
c57e74d45beb7a5d3782,FALSE
c5a0119199a8ad7d1173,TRUE
c5a8ecaa52de1bd0437a,FALSE
c5c0d7dc,TRUE
c5cc483efddd3e02ff23,FALSE
c5dc205140d8c5dd88ed,FALSE
c5e14d95,FALSE
c5e5fc0407bb5a9b23a6,FALSE
c5fde5b31898fa047d8d,TRUE
c62458f498ccdb5c606f,FALSE
c6367288e4854421f08d,TRUE
c640cf6e7edf6036b01a,TRUE
c6626af2,FALSE
c66ac5a8a98f253c9632,TRUE
c6885c89cf991811160e,TRUE
c6be3d44,FALSE
c6ccf450cb6a2314d5bc,TRUE
c6fe4df3,TRUE
c70eb28a1c9ce90604b2,FALSE
c70f95dc012619f127eb,TRUE
c7321b9c346153e95f61,FALSE
c73e2e62b917047bbf9b,FALSE
c7510b0f4b20a24c748d,FALSE
c776aaff,FALSE
c7b10f6ab84982072b8c,TRUE
c7b83adb7209b22c688d,TRUE
c7d6b8663d5f833b1494,FALSE
c7e3ebd8,FALSE
c7e497c5f0c5d267d7a2,TRUE
c7ebc265fdb783e460dc,FALSE
c7fcd3d3fa43a1efca3d,FALSE
c837ec0cb2bc235bb42e,FALSE
c85a08b4,FALSE
c887c2de46081b99f71e,FALSE
c88e5207,TRUE
c88f8906,TRUE
c894389a0082ab706a81,TRUE
c89af3e6,FALSE
c89f785ea1ef7fe694ae,FALSE
c8bbcf7b2d5b72540d29,FALSE
c8ccc4ae,TRUE
c8e94243084e3d5af656,TRUE
c8f383e210e3b47023c8,FALSE
c8f76a09,TRUE
c8fc0efd,FALSE
c907c141759e80e063f1,TRUE
c9097b137d8b9689b057,FALSE
c9119f3928de6aace994,FALSE
c914a7cc85cd5e5b65c2,TRUE
c91a4829,TRUE
c93891a99028cdf20a5f,TRUE
c94e5770f20cc3ae70b6,FALSE
c94f94b8,FALSE
c95f14cf1920c7118ba6,FALSE
c960271d2a6be76e64a2,FALSE
c96039e9cf6e7b5bc994,FALSE
c97acb79,FALSE
c98a3afaa7ffd2f58bbd,FALSE
c9ac8794e40f180df539,FALSE
c9c71d14874ef9631f4c,TRUE
c9cc1a8860f7a99cf682,FALSE
c9ceff6d,FALSE
c9d1d15973434aa873c1,TRUE
c9d55b5ba0e08d135d59,FALSE
ca00662327907fb313b9,FALSE
ca0947d1f809972ee68e,FALSE
ca19a6c17e0d5e34ec80,TRUE
ca233cfbe9848b8ec2ed,TRUE
ca31e1c730336fccfde1,FALSE
ca417c48e1c5b69ed893,TRUE
ca44f762b136fafde121,TRUE
ca4ec6b7,FALSE
ca524db0,TRUE
ca53cccd33468c7ac0f0,TRUE
ca6f065ed11c737d5a26,TRUE
ca8199b6,FALSE
caa6128a,TRUE
cab5831a6f1e4da8fdb3,TRUE
cabb367861f4cc76ef0a,TRUE
cad445d2,TRUE
cae6d4ed1baf23ffae71,TRUE
cb24940145d5216a8d2f,FALSE
cb2b8880cf4a3f024e3b,FALSE
cb4918a2dcd97fc85ed0,TRUE
cb5c18c5d006151aa9de,TRUE
cb8bb6b3c00aea62f21d,FALSE
cba7445e,TRUE
cbce6a0359d6191ff8fa,TRUE
cbeb229ef77118f8151b,TRUE
cbf36b1be89dd62cd5df,FALSE
cc100dfc,FALSE
cc1acf5dd7c2f7a763b9,FALSE
cc2cefafe4840f4f2aae,FALSE
cc7a15641ade6b6ac9c2,TRUE
cca35437,FALSE
ccb674a16ab85a5ddf2d,FALSE
ccb98c06b46d9a658e57,TRUE
ccbba04e6bda228bb538,TRUE
ccc95e03,FALSE
ccd12aef8bdd2f6981a3,FALSE
cce30730,TRUE
cce37f02c340ca66b2c3,FALSE
ccf0341b,TRUE
cd2718f8ca42b1d6f2fe,TRUE
cd2a1ce3c4064b6f6593,FALSE
cd391af3aebcef89cba7,TRUE
cd3e8f001958f2f52f9a,FALSE
cda90ed8efe301782437,TRUE
cdc36629dcd64d0bc70b,TRUE
cde5051731e30e3ff16e,FALSE
cdea3c88fe888f8166a8,TRUE
cdf9aaf2,FALSE
ce27cfd03bae3cc56ccc,FALSE
ce3302c97e906c000c88,FALSE
ce4d2372e172f5fa0514,FALSE
ce6ad4d00d90e05c266a,FALSE
cec18c03b555f0052469,FALSE
cec8d746636ae19347ba,FALSE
cecf42fc195775dfa173,FALSE
ced8eb1878a8b7d856c6,FALSE
ceda321c1708d8bfddd1,FALSE
cef4776d91fa3b7e8c0a,FALSE
cf0bfd92,FALSE
cf1ab4e3ca7a7c4b95c8,TRUE
cf1ae6ba6c984ad00f92,TRUE
cf1f62886e0b1e17c197,TRUE
cf208b274f934035acd5,TRUE
cf3ab5e2,FALSE
cf5064d6,TRUE
cf75496f,TRUE
cf7b2b2e,TRUE
cf9e072bfcf21a3f15b4,FALSE
cfaa57f4774801304fa9,TRUE
cfd9d7e273920703229f,TRUE
cfe630c7,FALSE
cfe8fc625103e69f2ee4,FALSE
cfea722c,FALSE
d0009eb3349a5de36c09,TRUE
d00360,FALSE
d01334458cf3af2a95e1,FALSE
d03ba69108a9f75dc8dd,FALSE
d04b69255e9d4d1f9efd,TRUE
d053cdd013fa3d80b504,TRUE
d0589098a011ae9a1378,TRUE
d069ee66,FALSE
d06ea0a114cc1e058731,FALSE
d0b5b8cec613c3fbbc85,TRUE
d0b86c536f75f5ba2c70,TRUE
d0c9450e,FALSE
d0ccb0b99ea2a9293ba9,FALSE
d114dad9,TRUE
d11bb3f84adf1f85e462,FALSE
d146babb,TRUE
d151ffa46827ec614282,FALSE
d188e43d9f5bc173f124,FALSE
d1961229,FALSE
d1b3848475b8ef1bc92e,TRUE
d1d12522998d97e9eb12,TRUE
d1ea0e2532cd0af17bc6,TRUE
d1fa8cb978b1f4e6c37d,TRUE
d1ff059e,FALSE
d20bd84ca88be5342ae5,FALSE
d2388512c9cc1aec6e0e,FALSE
d240b915,FALSE
d2554f79c27f2efba121,FALSE
d260659c,FALSE
d2690adc91af0fc24cd5,FALSE
d27014c844d4a33678f7,TRUE
d28577f3924b32786f19,FALSE
d286ec625d1277cdfbd5,FALSE
d29080d3,TRUE
d2984907,FALSE
d2c45ed3877653ef9423,TRUE
d2d26fbce5d68886366e,TRUE
d2d49371,FALSE
d3595935,FALSE
d363a202fc8b63b48427,FALSE
d37ff4e9,TRUE
d3a28c55,FALSE
d3a606b3,FALSE
d3a60a3c,FALSE
d3da8acc3b92484faad0,FALSE
d3e0a5639d8beae964d6,TRUE
d3e2cf93acae889a004b,FALSE
d3e4288ae6c18418a511,FALSE
d3f3194581861c1915a7,FALSE
d402a6b8966526de8a4c,TRUE
d407f348d90c942dc902,FALSE
d4194119,TRUE
d419a3a4,TRUE
d41cbff8a90816a43ccd,FALSE
d41e7de4958078f91e2e,FALSE
d430c150e93eb182a9b2,FALSE
d4392f652988775c4af1,FALSE
d44d1440,FALSE
d4651b856dc8ddbc0b98,FALSE
d4678972180955d050d5,TRUE
d4a8a13a,TRUE
d4b58fa9,FALSE
d4d2baeba5258ec7108a,FALSE
d4d63e72ce82f9ab3b52,FALSE
d506ad299701a8950153,FALSE
d50f27f0,FALSE
d5194a04,FALSE
d51c9b48,TRUE
d51e187033a78158d488,FALSE
d53032f3,FALSE
d54ce489b9c136ffac2c,TRUE
d552339b,FALSE
d55b5b2a8771dad95156,FALSE
d55c90dd815958a0a993,TRUE
d579805f0900c2bfed53,TRUE
d588bddbbd9c623e3b73,TRUE
d5a5e3fd,FALSE
d5b7bf25,FALSE
d5c60721,TRUE
d5dd6c7a,FALSE
d5dfeea1503c001d095f,TRUE
d5e3881f,FALSE
d5ee7fef,FALSE
d609f5c2de4f930f224f,TRUE
d6110393,FALSE
d61b203e31e1f1fb3a1d,FALSE
d6337,FALSE
d633a45891cb3b287536,FALSE
d639b8f06d0ba9a26ad5,FALSE
d643f642,FALSE
d647434f,FALSE
d65fc7c3af14749c6588,TRUE
d669f451,TRUE
d684b81cc2cd051a8551,FALSE
d6b45250,TRUE
d6d04642,FALSE
d6fd3a06,TRUE
d6fe499a602277252603,TRUE
d71c3481,FALSE
d72aaf2b48de7d6356ae,TRUE
d740d638701e736f229f,TRUE
d7504b75e000eab8764e,TRUE
d7678642d407bc7c2b72,FALSE
d76d34a3f969fd4a277c,FALSE
d792d2544d3f49b9f7f7,TRUE
d7cbc974cbfe2bda359f,TRUE
d7ce48d7,FALSE
d7dab0ad,FALSE
d7f28804,TRUE
d7f95e38,FALSE
d8044274,FALSE
d81626e5d4185ff54411,FALSE
d81df544dbbc2cdf631e,FALSE
d86391250aa650d62408,FALSE
d876769f8926ed7588d7,FALSE
d87bf8ee,FALSE
d87f69aa,FALSE
d88c100d8caf5d57d07d,TRUE
d898b3bfe7e24e680f86,FALSE
d8ad6998c23f09b734af,FALSE
d8ad82790aec7d99cad1,TRUE
d8b9d265,FALSE
d8ba6c24259579d94a55,FALSE
d8bf911850388a8e4302,FALSE
d8c7bd7b,FALSE
d8ee1e87dfbed4fa82f9,TRUE
d8eeca87fcf41fd35d7b,FALSE
d913c128a8d01a7f08ba,TRUE
d96243cb,FALSE
d9698aa2,TRUE
d97893e83c9009e4f8ed,FALSE
d9aa00b66377c2385fb4,TRUE
d9c2c885,FALSE
d9c95c7740de52367c2c,FALSE
d9d3ec90,FALSE
d9e93de6,TRUE
d9f1bd17441adfd374e8,FALSE
d9f1c477,FALSE
da0969ea,FALSE
da11938c5ca995637cdf,TRUE
da1954ce3e5e9b1af365,FALSE
da1bd0d2cd5602a2a83c,TRUE
da26b537ba25eb88e144,TRUE
da3534b0961f10ef6e76,FALSE
da3b3e5c,TRUE
da3c58c2,FALSE
da3d5ea18f331251e604,FALSE
da5ad8bc,FALSE
da60c56330b65e490944,FALSE
da6352ee4b7ab307ea9e,TRUE
da7b365da82619d5d760,TRUE
da7d2343faf0973e81c8,TRUE
da8801d4827007a2548d,TRUE
da912959de1196abc80c,TRUE
dac8315e,TRUE
dacb20e0,TRUE
dad44f7e,FALSE
dadbcda,FALSE
daee6f4819615e46de6e,FALSE
daf2c7479f9406c2e95f,TRUE
db019b05e1bd5033c069,FALSE
db07b59134710d6d10fb,TRUE
db420cdb,FALSE
db47a972f891e6899eb4,FALSE
db5594b5578fa934a84f,TRUE
db5eef4e297570a3c76b,FALSE
db6a502db5c34af0efb7,TRUE
db6a5f96,FALSE
db7fa75e,TRUE
db860c31,FALSE
db91591760b08f6ab448,FALSE
db96ff9f38ae3227d801,FALSE
db9800bff62ce16a220e,FALSE
dbaea9e,FALSE
dbca105d15dde0857f80,FALSE
dbcdeba6603e7583eaf8,FALSE
dbceba31,FALSE
dbee0915089fb48423c5,TRUE
dbf282b86e9013b5aab6,TRUE
dc1656931e0f350b3695,TRUE
dc296ded51ab1feca499,TRUE
dc3ae175,TRUE
dc3f0619138fd86bd703,TRUE
dc549d5cc637c9044b57,FALSE
dc582c8c7c63a6f4aeb5,TRUE
dc71486,FALSE
dc7c540a,FALSE
dc7c7404,FALSE
dca26ad50eee78fbb3a4,FALSE
dcb793b1f328a5b87277,FALSE
dcc61447db30d5b556ef,FALSE
dd002b41e143cb4758a7,TRUE
dd03b8e76c277e3238ac,TRUE
dd1d9d22,FALSE
dd34717e,TRUE
dd44302a00fb9363e725,FALSE
dd4879df,TRUE
dd584726,FALSE
dd84c516dc8260c1479c,TRUE
dd86cb30,FALSE
dd8c646d34a299d75932,TRUE
dd8e2aecc685da2be388,TRUE
dd8eea968568022530ac,FALSE
dd9ea574,TRUE
ddab2869fd9818002df0,TRUE
ddb9bd8eeff5e9bce8c4,FALSE
ddc827c1bbae46b1cb5f,TRUE
ddd9b02cc73e652d4ccb,FALSE
dddf485a,FALSE
dde993a40f7e10a0580e,TRUE
ddfa546db612573ba8bc,FALSE
de01bf4cf78c7c4c3276,TRUE
de1089616e29107db94d,FALSE
de2278213efe246ddf05,FALSE
de335d037effbefc3a7d,TRUE
de33b45dccaa01040880,FALSE
de7bc277,FALSE
de7e44e90f1212dd44b0,TRUE
dea51d7680cbd2e386ec,FALSE
deac167f,FALSE
df373df0618b419091a5,FALSE
df3d2dfa4c7071a2424e,FALSE
df502eb3644da70e66a5,TRUE
df57ace0118ac13cc5d4,FALSE
df6389ce,FALSE
df664b1c5b15131aaefe,TRUE
df6b1d2a7a04abb6888a,FALSE
df6d24a4,FALSE
df81df2c,FALSE
df91a7f992f3644ef622,FALSE
dfd9018f0974a073384f,TRUE
dfee589e3ca490480ee7,FALSE
e00df94e,TRUE
e01cbd7f3a97550b5ed1,FALSE
e020c1c92d5e89ffa554,TRUE
e035260959c904746076,TRUE
e05e8ea20a81657d3e85,FALSE
e060186815a76eb3541b,TRUE
e069f4b2,FALSE
e07629bed1cee9946384,TRUE
e07d8e750bc36cb6f6df,FALSE
e1015935ed5cc70b4999,TRUE
e10e5b55,TRUE
e12d3657005bfd81b600,FALSE
e12e83bd2c109cc036ed,FALSE
e140673de55d1c607191,TRUE
e1562da1,FALSE
e1634131d8f6972c28d3,TRUE
e1a8cf7477183f0a5a3a,FALSE
e1b84c36,TRUE
e1c235d3,FALSE
e1c910d35d531144eed8,TRUE
e1d7b58e6562946afed7,FALSE
e1e9a532,TRUE
e1ed7499,TRUE
e1efba8366975d702191,FALSE
e1fd90667f6edc2e768d,TRUE
e20b1f7cc5e82d8d2a20,TRUE
e21b0d6e,TRUE
e21fb2a33bf290a68ef9,TRUE
e23bf01f,FALSE
e26a47fa5f70111be891,TRUE
e27cc567e72c2746b493,TRUE
e2a780398a5ba743ed63,TRUE
e2b3f28c1d4f682f953a,FALSE
e2be48fa607bd729fc44,TRUE
e2ddbac93acfacfc48ca,TRUE
e2e5f9aa,FALSE
e30a46d40ab2a8a90c59,FALSE
e30c9363237e044db829,TRUE
e3101e1a,FALSE
e3114194,FALSE
e320fd3,FALSE
e329d6c8c8010112a0ff,FALSE
e337029,FALSE
e35901a1,FALSE
e36bda8955b71dc9af46,FALSE
e39312e,FALSE
e3abdd5c,FALSE
e3ac145954e394d3c10b,FALSE
e3b89678,FALSE
e3cdd4fb,FALSE
e3e0448f,FALSE
e3ee3b2c26e786baf291,FALSE
e4036e51,FALSE
e43cd3a8,FALSE
e479cd020f1b4e4366da,FALSE
e49c9a3e,TRUE
e49f4639c7b489813940,FALSE
e4adee1af128ad02991a,FALSE
e4df13ed,TRUE
e4eebcc2,FALSE
e50cd52029e07220dc7b,FALSE
e5101d308b3974a6019a,FALSE
e5253fea,TRUE
e54b2408840769461876,TRUE
e54b5f1e,FALSE
e583dfbc2234081a525e,TRUE
e5849d6120b1813b7fc8,TRUE
e58e394caed6d2d67b0e,FALSE
e58f461bdc97ff0a13fb,TRUE
e5b6fbda,FALSE
e5d1f1dd46ac06c664eb,TRUE
e5e32ecb,FALSE
e5e9eb57436100674ca3,TRUE
e5f3a92a,FALSE
e5f51279,FALSE
e5f6097e,FALSE
e602e3eb,FALSE
e609cfdd,TRUE
e62f1332,TRUE
e63903d8,TRUE
e6544ab85f00805ddf7f,FALSE
e6c0d469,FALSE
e6d2ab1056f1d318d52a,FALSE
e6ef5bc6635122b810ea,TRUE
e7058a2674bbe8e317a4,FALSE
e718e6430000eed51694,TRUE
e767007d2af38a69cd59,FALSE
e77c66be,FALSE
e7cb81520e0deee0986d,FALSE
e7cd4883,TRUE
e7d2794782a462e414e3,TRUE
e7ec1b16,TRUE
e8118dccd561ff963662,FALSE
e843a8ff,FALSE
e84583b9,FALSE
e8579157d2382c771b8d,TRUE
e86303bd,FALSE
e8727a42911669563de1,TRUE
e8d6b80743066e7d3811,TRUE
e9169a62f77e3db60676,FALSE
e92bb78e6823b499c391,TRUE
e93a45e1e4eed5d0734a,FALSE
e9463987,TRUE
e95486ba,TRUE
e96c471e,FALSE
e9741d3a39c166d40363,TRUE
e98ef2de,TRUE
e9cd22c5ecc1688d744f,FALSE
e9dc794f,TRUE
e9f06989a4c4640cab3a,TRUE
e9fb992c2866d09beed9,FALSE
ea18704d,FALSE
ea31b40b,TRUE
ea3b02eb758cde83ed64,FALSE
ea4232cd,FALSE
ea4648ecb0bccb6d1b98,FALSE
ea53652a2449c303414c,TRUE
ea63812b4862b698efc4,TRUE
ea729460,FALSE
ea7892a53115baafb82e,FALSE
ea7bd5c,FALSE
ea7fa2fb5ba8f19232d9,FALSE
ea8dd714,TRUE
eabfa9249786feb3d086,TRUE
eac831d6,TRUE
eae0b1ed823e634806ce,TRUE
eae7a5de6b341afa64d1,FALSE
eaf03ed258e1b8a26251,TRUE
eb13fea839552779a0a0,FALSE
eb1be9383545e0e23fec,TRUE
eb2116fcf12e066a8cb4,FALSE
eb4f2cd9,TRUE
eb81f9f0855ca60da51c,FALSE
eb893eb00633cc0355a8,TRUE
eb896ec1,TRUE
eb936c39a11e0f1d2e13,TRUE
eba0721d48503ede9666,FALSE
ebbeb5ed,FALSE
ebf2e3c3,FALSE
ec099f48,FALSE
ec0e63709e6bf5874337,FALSE
ec1a0a8a,FALSE
ec288d43,TRUE
ec3a5820,FALSE
ec40e24fac72842e7a43,FALSE
ec45bdaf8e8a0cebb763,TRUE
ec4df01e545e5da8de2b,FALSE
ec50d45438875c3ce17d,FALSE
ec5ba667cd98b696fe95,FALSE
ec65c79d,FALSE
ec6c06b2083d83d58fa8,TRUE
ec93a2ad45b6381f9a65,TRUE
ecb0abb4,FALSE
ecc2bd67,FALSE
ed018b74,FALSE
ed08aa9b,FALSE
ed49e179,FALSE
ed4bfa9dee10c58222d5,FALSE
ed58d734,FALSE
ed75a042,TRUE
ed75b220,FALSE
ed7605ae7d4fcbf6922d,TRUE
ed79b7e5,TRUE
ed7b17c954bbb2cc4e45,FALSE
ed8356bb,TRUE
ed8dd27f664e70b3dd0f,FALSE
edb30de0,FALSE
edcb2a79375c598b66cd,TRUE
edcf8f7104c23e25832a,FALSE
edeadf7d85223a2b50a3,TRUE
edf45105e463c6be8f64,TRUE
ee1eaff9dd1ae17c2519,TRUE
ee22f0a5c3e525a7f0f4,FALSE
ee480b5d9a3b8d7034a6,FALSE
ee4da4e61c74e87e61e8,TRUE
ee520b931f0dcb53de54,FALSE
ee527682,FALSE
ee6a058ea67ad39aeb1b,FALSE
ee6bc601,TRUE
ee813f04,TRUE
ee873b1d,TRUE
eec940813aea6f140139,FALSE
eedd7187a183ab960f95,FALSE
eefa1058e79d11e8998a,TRUE
ef0b83fb4f18612d4022,TRUE
ef2c46b6,FALSE
ef40ee6b,TRUE
ef438e9e,TRUE
ef4b4c15664631172c24,TRUE
ef502727,TRUE
ef527677,TRUE
ef7ff9a7,TRUE
ef8452b0,TRUE
ef8bf451,FALSE
ef8ca483,FALSE
efa7f729,TRUE
efe25aa16b71ceb48a97,TRUE
f0187e4c4116e3465a52,TRUE
f0291b8f077e823f96a6,FALSE
f02d5059809396a12ef0,FALSE
f09d84061b9f230e3214,FALSE
f0b5aa2f30637aecb369,TRUE
f0b6b796,TRUE
f0dee95a5c8f0b2b07c7,FALSE
f0e65d21e00807be2b0b,FALSE
f0ea0cd4,FALSE
f107d6ebd8005e14bd96,TRUE
f1104af7686de9df7dca,TRUE
f114663842b814f09e4f,TRUE
f11bc8514ebc96a9503f,TRUE
f1224e5305963a9079b0,TRUE
f130703d940de6048a24,FALSE
f1635f436fd973074905,TRUE
f186dd8b,FALSE
f18cb59dd4142d9e1696,FALSE
f1b621ec,TRUE
f1bd094fa0476a48a798,TRUE
f1e3f95c9d0c3a94172a,FALSE
f1f9237632258bdd952a,FALSE
f1fec4a6520f40e16b41,FALSE
f213f21b61024c4c0a79,FALSE
f21ce56e1ff6fe8e0b8b,TRUE
f225fb86,TRUE
f2397cfba5e8e39324c5,FALSE
f2488715,FALSE
f24ab2dbdd987a66dcb5,TRUE
f258a331,FALSE
f2696ac4c07b653a6a0b,FALSE
f27f1c90,TRUE
f298919ec77f000d9e5f,FALSE
f2a1d430903b3f0c3dfb,FALSE
f2a36bf5bdaa6c27bfac,FALSE
f2a5f87e,TRUE
f2a70451f79f9edecdcd,FALSE
f2ba7568f76b49b712a9,TRUE
f2d7329c,FALSE
f2fbf03f,FALSE
f31e19fe,FALSE
f31e7cd7a7f395de6d8a,FALSE
f32017b037d196f9f3ec,FALSE
f329e1138482e820d7d3,TRUE
f339073275aa4a6950eb,FALSE
f34871a5967c1408afde,FALSE
f365b87b6d20abdd4fb8,TRUE
f3691459,FALSE
f37da5a8,TRUE
f396e56172c45ccc8806,FALSE
f39da5a5042d2c1b2d6c,TRUE
f3a9806b8687e71864c4,TRUE
f3b6e55fa29b22291d99,TRUE
f3bc8d45bf821c94436a,FALSE
f3c792d2f1435c694905,FALSE
f3c9ae8a7a50d3bb495b,TRUE
f3d37202,TRUE
f3fa6fddd8d23df33af5,FALSE
f3faae20958cc0c6eba1,TRUE
f40188db58a80eb39b5e,FALSE
f40433ebf935b246bf8c,FALSE
f4185888,FALSE
f42ed189,FALSE
f43fc22c8a67f9207337,FALSE
f442cdd365d560f9ddc8,TRUE
f4442445,TRUE
f44a3a180fa8068d1936,TRUE
f45318a7,TRUE
f45bba22332b7cd53021,TRUE
f48be2b5e0eeb2c7359a,TRUE
f490d3be1c1bb738ef7e,TRUE
f4aebe0dc61e1cca3e99,FALSE
f4af0fde83b1351aa169,FALSE
f4ceba0e,FALSE
f4f5714c,TRUE
f51013c8,FALSE
f518ea0c9228ac120cba,FALSE
f52ad799,FALSE
f53d0d8532ce1e9b1711,TRUE
f53de87e,TRUE
f54cf5eeb373bee78f9c,TRUE
f551cf4dc3a8f4d1a372,TRUE
f558c713c55ea9ee60df,TRUE
f55af26906db07cdc6f3,FALSE
f565ff47,FALSE
f56609a0,TRUE
f56617ba,FALSE
f56914aa246f31989572,FALSE
f5850b9f,FALSE
f595d6dd,FALSE
f5ab467edbc6c51d8b4d,TRUE
f5cb7610c0b06fe76e39,TRUE
f5ce128e,TRUE
f5ff60224a7f7ec5fde9,TRUE
f60f9261728d8ab24d6e,TRUE
f6207c45be6577dd92c6,FALSE
f62d49a6aeb675d7202f,FALSE
f634bd35afeb7893dc82,FALSE
f634c71cdc62ca828adf,FALSE
f65225d61518f0c3a2fd,FALSE
f6937697,TRUE
f69e55bedd33c14768fa,TRUE
f6a55ef66731a5918b13,FALSE
f6a56482,FALSE
f6bfd27dc7c232ae2381,FALSE
f6d1e019,TRUE
f6d43ed20fd352b53711,TRUE
f6d843e5aa172129cd28,TRUE
f6e313a9bb25dbe1800c,TRUE
f6ef9aa1238a63327223,FALSE
f6f9890a,FALSE
f7137e0bb0f7e34e704a,FALSE
f71c607f8d5e0a250b37,TRUE
f7213ffd,FALSE
f72e4b7b,FALSE
f735392544ccc98ad660,TRUE
f73f3cfc66915471627e,FALSE
f74c302,FALSE
f76104e43511685f5863,TRUE
f775eb0a8f46d60b0d3d,FALSE
f7784350e930ba71b434,TRUE
f77964b2,FALSE
f779da47c9f2afb5c269,FALSE
f783a41e,FALSE
f7946911f10c5f177a88,FALSE
f7a79da91f581294d4ca,TRUE
f7d358301f785c4c946b,FALSE
f7d73a04,FALSE
f7dcfc0f848476ca5560,TRUE
f80aa8b4dc8cf4f6129f,FALSE
f81314fcce95f1621cdb,TRUE
f81ed43a2f782f3dce0c,TRUE
f820ca7b,TRUE
f826f0cbaebc796859b8,FALSE
f83f663b,TRUE
f8413bee,FALSE
f845ffa4,TRUE
f877d233a4943a9eb2b0,FALSE
f88ab25a,TRUE
f892e2a71a8303531140,FALSE
f92bf743,FALSE
f93af98046a9325baaba,FALSE
f942d6293d9b86ddeba1,FALSE
f9694275,FALSE
f97cd4b463a93b48b2c2,FALSE
f97ecca8c6634cc5ff2c,FALSE
f9c54443921fcd01a8b1,TRUE
f9c85c1d4b2caa3c8774,TRUE
f9e8c66e772b73b49e06,TRUE
fa0af06,FALSE
fa0da3f,TRUE
fa14bf07,TRUE
fa33b7a,FALSE
fa3caf4f,FALSE
fa56546b,TRUE
fa904d0d,FALSE
face543df27625a853db,FALSE
fae3e5b54405c0568488,FALSE
fb043a9706cb689ecfca,TRUE
fb2742df,FALSE
fb287cd1,FALSE
fb32294c390380090375,TRUE
fb475a90ceb056f3b812,FALSE
fb4f0e66455d48888545,FALSE
fb50062a63b80673bf0e,FALSE
fb7b998f6c3a5c493a2d,TRUE
fb82ba385a0910df5a67,FALSE
fbde15e1,TRUE
fbdf152245c813d7c150,FALSE
fbe4f37717afc01b1031,FALSE
fbeb9cbb48f4232b36f0,FALSE
fc0f7ebe,FALSE
fc1c617d,FALSE
fc1d0cfd4dfeec717b4d,FALSE
fc2728e6,FALSE
fc41898,TRUE
fc5fea19,FALSE
fc7460fe0142b6eb75da,FALSE
fc9d91cf,FALSE
fc9e07d724e30de684dd,FALSE
fccc0ffac52beb6a5727,FALSE
fccd453cc8942bf32e42,FALSE
fcd615cce7e2d6da9d0d,FALSE
fcdfc7da20fd790c2025,TRUE
fd088b69c8555cc472c9,TRUE
fd1c14b4b28e2e6f8a35,FALSE
fd243b5b92c214d1cfb7,FALSE
fd3e06612b8f46ffcba2,TRUE
fd440ed4,TRUE
fd4d4c87f9c079ed37d2,FALSE
fd4e68651927fd07d506,FALSE
fd514f96,TRUE
fdb8c2ea6e3370588106,FALSE
fdd6f43f,FALSE
fdfa9de2598e165620f2,TRUE
fe2b11b77bf7df766635,TRUE
fe4a0b969c6ec6955f4f,FALSE
fe4e0b609d3548213417,FALSE
fe5881d4fbac793e2413,FALSE
fe5bd2c1b40e0d016ea2,FALSE
fe61721b6a4ed42a7263,TRUE
fe93919,FALSE
fe99265b,TRUE
fead12375dc7bbc0fdf1,FALSE
feb5f0b60c3c26dbabdf,FALSE
fecd3b98d9fa9361e2ac,FALSE
fed1b5cde7ff5d8af56e,FALSE
feec4a84ddef8eb38bc2,FALSE
ff149d76,FALSE
ff1c62c5,TRUE
ff20145e487e59cb6e60,FALSE
ff2623edc2ac8381cd84,TRUE
ff263cd31136e9a87fc7,FALSE
ff3a881,TRUE
ff6ab5df,TRUE
ff9cd9bc8e5153709063,FALSE
ffdadb16ec552ff35d2a,TRUE
ffdc1240,TRUE
ffdfce5223e782ef08fb,FALSE
